-- phpMyAdmin SQL Dump
-- version 4.9.2
-- https://www.phpmyadmin.net/
--
-- Host: 127.0.0.1
-- Generation Time: Nov 15, 2020 at 11:14 PM
-- Server version: 10.4.11-MariaDB
-- PHP Version: 7.4.1

SET SQL_MODE = "NO_AUTO_VALUE_ON_ZERO";
SET AUTOCOMMIT = 0;
START TRANSACTION;
SET time_zone = "+00:00";


/*!40101 SET @OLD_CHARACTER_SET_CLIENT=@@CHARACTER_SET_CLIENT */;
/*!40101 SET @OLD_CHARACTER_SET_RESULTS=@@CHARACTER_SET_RESULTS */;
/*!40101 SET @OLD_COLLATION_CONNECTION=@@COLLATION_CONNECTION */;
/*!40101 SET NAMES utf8mb4 */;

--
-- Database: `teencombd_7teen_employee`
--

-- --------------------------------------------------------

--
-- Table structure for table `clients`
--

CREATE TABLE `clients` (
  `id` int(11) NOT NULL,
  `name` varchar(255) NOT NULL,
  `description` text NOT NULL,
  `created_at` timestamp NOT NULL DEFAULT current_timestamp() ON UPDATE current_timestamp(),
  `updated_at` timestamp NOT NULL DEFAULT current_timestamp()
) ENGINE=InnoDB DEFAULT CHARSET=utf8mb4;

--
-- Dumping data for table `clients`
--

INSERT INTO `clients` (`id`, `name`, `description`, `created_at`, `updated_at`) VALUES
(1, 'toyota', '', '2019-11-30 10:37:26', '2019-11-30 10:37:26'),
(2, 'pran', '', '2019-12-04 11:05:54', '2019-12-04 11:05:54'),
(6, 'new c', 'ne cgf', '2019-12-17 07:40:13', '2019-12-10 11:10:59'),
(7, 'gfgf', 'gf', '2019-12-17 07:40:18', '2019-12-17 07:40:18');

-- --------------------------------------------------------

--
-- Table structure for table `company`
--

CREATE TABLE `company` (
  `comp_id` int(11) NOT NULL,
  `comp_name` varchar(255) NOT NULL
) ENGINE=InnoDB DEFAULT CHARSET=latin1;

--
-- Dumping data for table `company`
--

INSERT INTO `company` (`comp_id`, `comp_name`) VALUES
(1, '7TEEN'),
(2, '7TOON');

-- --------------------------------------------------------

--
-- Table structure for table `days`
--

CREATE TABLE `days` (
  `d` tinyint(4) NOT NULL
) ENGINE=InnoDB DEFAULT CHARSET=latin1;

--
-- Dumping data for table `days`
--

INSERT INTO `days` (`d`) VALUES
(0),
(1),
(2),
(3),
(4),
(5),
(6),
(7),
(8),
(9),
(10),
(11),
(12),
(13),
(14),
(15),
(16),
(17),
(18),
(19),
(20),
(21),
(22),
(23),
(24),
(25),
(26),
(27),
(28),
(29),
(30),
(31);

-- --------------------------------------------------------

--
-- Table structure for table `department`
--

CREATE TABLE `department` (
  `dep_id` int(11) NOT NULL,
  `dep_name` varchar(255) NOT NULL,
  `comp_id` int(11) NOT NULL
) ENGINE=InnoDB DEFAULT CHARSET=latin1;

--
-- Dumping data for table `department`
--

INSERT INTO `department` (`dep_id`, `dep_name`, `comp_id`) VALUES
(25, 'Business Development', 1),
(26, 'Finance', 1),
(27, 'Design', 1),
(28, 'Client Servicing', 1),
(29, 'QMT', 1),
(30, 'Office Admin', 1),
(31, 'Content and Strategy', 1),
(32, 'Software Development ', 1),
(33, 'HR', 1),
(34, 'Business Development', 2),
(35, 'Live Action', 2),
(36, 'Content and Strategy', 2),
(37, 'Animation', 2),
(38, 'Design ', 2);

-- --------------------------------------------------------

--
-- Table structure for table `designation`
--

CREATE TABLE `designation` (
  `des_id` int(11) NOT NULL,
  `des_name` varchar(355) NOT NULL,
  `dep_id` int(11) NOT NULL
) ENGINE=InnoDB DEFAULT CHARSET=latin1;

--
-- Dumping data for table `designation`
--

INSERT INTO `designation` (`des_id`, `des_name`, `dep_id`) VALUES
(1, 'Head of Finance', 26),
(2, 'CEO', 25),
(3, 'Head of 7TEEN', 25),
(4, 'Art Director', 27),
(5, 'Senior Designer  ', 27),
(6, 'Designer', 27),
(7, 'Junior Designer', 27),
(8, 'Account Manager ', 28),
(9, 'Executive', 28),
(10, 'Executive', 29),
(11, 'Executive', 30),
(12, 'Office Boy', 30),
(13, 'Script Writer', 31),
(14, 'PHP Developer ', 32),
(15, 'Executive', 33),
(16, 'Head of 7TOON', 34),
(17, 'CEO', 34),
(18, 'Sound Engineer ', 35),
(19, 'Script Writer', 36),
(20, 'Designer', 38),
(21, '3D Animator ', 37),
(22, 'Executive Designer', 27),
(23, 'Cooker', 30),
(24, 'Video Editor', 27),
(25, 'Animator', 27),
(26, 'Designer (Intern)', 27),
(27, 'QMT (Intern)', 29),
(28, 'Acquisition specialist', 28);

-- --------------------------------------------------------

--
-- Table structure for table `employee`
--

CREATE TABLE `employee` (
  `emp_id` int(40) NOT NULL,
  `first_name` varchar(255) NOT NULL,
  `last_name` varchar(255) NOT NULL,
  `mobileNo` varchar(100) NOT NULL,
  `email` varchar(255) NOT NULL,
  `password` varchar(255) NOT NULL,
  `gender` tinyint(4) NOT NULL COMMENT 'male=1,female=2,others=3,Null=open',
  `address` text NOT NULL,
  `nid` int(50) NOT NULL,
  `dob` date NOT NULL,
  `song` varchar(255) NOT NULL,
  `photo` varchar(255) NOT NULL,
  `finger_print` varchar(255) NOT NULL,
  `status` tinyint(4) NOT NULL DEFAULT 1 COMMENT '1=Active,0=InActive',
  `created_at` datetime NOT NULL DEFAULT current_timestamp(),
  `role` tinyint(4) NOT NULL DEFAULT 0 COMMENT '0=normalUser 1=Admin,2=Admin2,3=SuperAdmin',
  `meeting_status` tinyint(4) NOT NULL DEFAULT 0
) ENGINE=InnoDB DEFAULT CHARSET=latin1;

--
-- Dumping data for table `employee`
--

INSERT INTO `employee` (`emp_id`, `first_name`, `last_name`, `mobileNo`, `email`, `password`, `gender`, `address`, `nid`, `dob`, `song`, `photo`, `finger_print`, `status`, `created_at`, `role`, `meeting_status`) VALUES
(1, 'Sheehan', 'Rahman', '01790538712', 'sheehanvy@gmail.com', '1234', 1, 'Bananai', 1234, '0000-00-00', '', 'upload/0e9d85e20c.jpg', '', 1, '2019-08-18 15:35:14', 3, 1),
(2, 'Nahid Hasan', 'Limon', '01621316727', 'nh.limon2010@gmail.com', '1234', 1, 'Mirpur', 12332, '1994-08-04', '', 'upload/0d031aced1.jpg', '', 1, '2019-08-18 15:58:17', 3, 0),
(4, 'Tasman', 'Zihan', '01671456797', 'tasman.zihan11@gmail.com', '1234', 1, 'Banani', 123456, '2019-08-01', '', 'upload/c77a825e5e.jpg', '', 1, '2019-08-18 19:18:04', 2, 1),
(5, 'Shoyab', 'Hasan', '01942902040', 'shoyab.7teen@gmail.com', '1234', 1, 'Banani', 123456, '2019-09-02', '', 'upload/cc31975835.jpg', '', 0, '2019-08-18 19:21:12', 0, 0),
(6, 'Emon', 'Barua', '01533447805', 'emon.7teen@gmail.com', '1234', 1, 'malibag', 123456, '2019-08-06', '', 'upload/c5bbe662af.jpg', '', 0, '2019-08-18 19:23:38', 0, 0),
(7, 'Benijir', 'Sidhu Drong', '01711026102', 'sdrong.7teen@gmail.com', '1234', 1, 'banani', 123456, '2018-11-01', '', 'upload/4607a36673.jpg', '', 0, '2019-08-18 19:26:50', 0, 0),
(8, 'Sadia', 'Afrin', '01676521585', 'afrinzebal@gmail.com', '1234', 2, 'malibag', 123456, '2017-07-01', '', 'upload/647d5f9509.jpg', '', 1, '2019-08-18 19:33:39', 0, 0),
(9, 'Kayes', 'Hasan', '01676583265', 'kayes147@gmail.com', '1234', 1, 'banani', 123456, '2019-07-02', '', 'upload/8ca08524ab.jpg', '', 0, '2019-08-19 12:05:20', 0, 0),
(10, 'aparajita', 'Chakrabonty', '01680160585', 'aparajita.7teen@gmail.com', '1234', 2, 'babani', 123456, '2019-07-01', '', 'upload/57a5f92068.jpg', '', 0, '2019-08-19 12:09:15', 0, 0),
(11, 'Mithi', 'Chowdhuary', '01677746936', 'sadianehuma@gmail.com', '1234', 2, 'banani', 123456, '2019-08-01', '', 'upload/f7580faec8.jpg', '', 1, '2019-08-19 12:25:39', 1, 0),
(12, 'Moniruzzam', 'Nayeem', '01670992882', 'nayeem.7teen@gmail.com', '1234', 1, 'banani', 12345, '2017-03-01', '', 'upload/108994fb61.jpg', '', 1, '2019-08-19 12:29:05', 2, 1),
(13, 'Jalal', 'Uddin', '01974971242', 'mdjalaluddin1242@gmail.com', '1234', 1, 'banani', 645240468, '1997-07-08', '', 'upload/3791829d81.jpg', '', 1, '2019-08-19 12:31:17', 1, 0),
(14, 'Shaon', 'Minhaj', '01521401458', 'shaon.minhaj@gmail.com', '1234', 1, 'banani', 1234566, '2018-09-01', '', 'upload/2e69549765.jpg', '', 1, '2019-08-19 12:33:36', 0, 1),
(15, 'Pial', 'Siddique', '01620831151', 'pialsiddique01@gmail.com', '1234', 1, 'basabo', 123456, '2019-08-01', '', 'upload/fc7e34f6b2.jpg', '', 0, '2019-08-19 15:08:05', 0, 0),
(16, 'Abdul', 'Malek', '01632229283', 'armanmalek069@gmail.com', '1234', 1, 'banani', 123456, '2019-08-07', '', 'upload/bd6596ce36.jpg', '', 1, '2019-08-19 12:38:19', 0, 0),
(17, 'Mahmudur', 'Rahman', '01939515747', 'mahamudur.7teen@gmail.com', '1234', 1, 'mohammadpur', 123456, '2019-07-01', '', 'upload/346c00173c.jpg', '', 1, '2019-08-19 12:42:18', 0, 0),
(18, 'Sumon', 'mirza', '01740768389', 'sumon@gmail.com', '1234', 1, 'banani', 13456, '2019-08-01', '', 'upload/9a89e9f145.jpg', '', 0, '2019-08-19 15:04:57', 0, 0),
(19, 'Md', 'Alamin', '0170925652', 'alamin@gmail.com', '1234', 1, 'banani', 123456, '2019-08-01', '', 'upload/b03f73f2b1.jpg', '', 1, '2019-08-19 15:06:10', 0, 0),
(20, 'Rekha', 'Akter', '01746914731', 'rekha@gmail.com', '1234', 2, 'banani', 123456, '2019-08-01', '', 'upload/b748928030.jpg', '', 1, '2019-08-19 15:08:05', 0, 0),
(22, 'Ahsan ahmed', 'Antu', '011111111', 'antu@yahoo.com', '1234', 1, 'banani', 12345, '2019-08-01', '', 'upload/3e4e67b0bf.jpg', '', 1, '2019-08-26 13:12:42', 0, 0),
(23, 'Faria', 'Enny', '01685594527', 'faria.7teen@gmail.com', '1234', 2, 'mirpur,cha block', 231313, '1995-10-18', '', 'upload/3c0e44676e.jpg', '', 1, '2019-08-26 16:47:43', 0, 0),
(24, 'Sarowar', 'Kabir', '01515295573', 'sarowarkabir1996@gmail.com', '1234', 1, 'Address nei', 12121, '1996-08-01', '', 'upload/e247417f30.jpg', '', 1, '2019-09-15 07:00:26', 0, 0),
(25, 'Mizanur', 'Khan', '01940948482', 'mizanur.mdkhan@gmail.com', '1234', 1, 'Danmondi shankar', 123456, '1991-01-14', '', 'upload/78318b16aa.jpg', '', 1, '2019-10-01 05:10:57', 0, 0),
(26, 'Rubayet', 'Hasan', '01671645519', 'rubayet.7teen@gmail.com', '1234', 1, 'Baunia Uttara', 123456, '1996-01-28', '', 'upload/d837c06cfd.jpg', '', 0, '2019-10-01 05:13:16', 0, 0),
(27, 'Abdur Rahim', 'Sobuj', '01989723075', 'mdabdurrahim91.bd@gmail.com', '1234', 1, '35/C,\r\nBottola,Azimur,dhaka,1205', 1495587592, '1991-03-03', '', 'upload/23bdd0868f.jpg', '', 0, '2019-10-03 03:55:17', 0, 0),
(28, 'Md. Sayed', 'Arafat', '1755239282', 'sayeedarafat93@gmail.com', '1234', 1, '22/A West Dhanmondi Mosjid Road', 2147483647, '1996-06-01', '', 'upload/b8045c8365.jpg', '', 0, '2019-10-15 06:06:55', 0, 0),
(29, 'Bisme Jannat', 'Noon', '01925885116', 'ashiee46@gmail.com', '1234', 2, 'kalachadpur,North baridhara', 123456, '1999-09-05', '', 'upload/787da0a7fe.jpg', '', 0, '2019-10-28 17:17:39', 0, 0),
(30, 'Sajjad Hossain', 'Khan shuvo', '01752050473', 'sajjadshuvo35@gmail.com', '1234', 1, 'Mirpur 42/a polash nagar\r\ndhaka 1210', 123456, '1994-09-03', '', 'upload/485e6aafb7.jpg', '', 0, '2019-10-28 17:21:24', 0, 0),
(31, 'Daud', 'Ibrahim', '01794203047', 'daudib07@gmail.com', '1234', 1, 'Dhanmondi shurabad 53/2', 123456, '0000-00-00', '', 'upload/0adfd04535.jpg', '', 1, '2019-10-28 17:24:07', 0, 0),
(32, 'Shafiqul islam', 'Hridoy', '01631112223', 'shafiqulhridoy2@gmail.com', '1234', 1, '444,south bashbo,sabuj bag,Dhaka 1214', 123456, '1993-12-30', '', 'upload/bbffb72312.jpg', '', 0, '2019-10-28 17:28:40', 0, 0),
(33, 'Washib', 'Nabil', '01768794873', 'washibnabil.7teen@gmail.com', '1234', 1, 'Uttara', 123456, '1990-11-01', '', 'upload/59db8e9e87.jpg', '', 1, '2019-11-05 18:12:24', 0, 0),
(34, 'Abu Nayem Al', 'Zamy Himu', '01717366708', 'himudeadman@gmail.com', '1234', 1, 'Hajipara 48/5/B', 123456, '0000-00-00', '', 'upload/350d954dee.jpg', '', 1, '2019-11-25 12:04:51', 0, 0),
(35, 'ghdgfd', 'gdfgdfg', '4253', 'sheehadfgnvy@gmail.com', '1234', 1, 'fgs', 23432, '0000-00-00', '', 'upload/4e2025cd4c.png', '', 1, '2019-12-24 15:41:55', 0, 0);

-- --------------------------------------------------------

--
-- Table structure for table `emp_attendance`
--

CREATE TABLE `emp_attendance` (
  `id` int(11) NOT NULL,
  `emp_id` int(11) NOT NULL,
  `at_date` date NOT NULL,
  `c_in` time DEFAULT NULL,
  `c_out` time DEFAULT NULL,
  `status` varchar(25) NOT NULL,
  `notes` varchar(255) NOT NULL,
  `approved` tinyint(4) NOT NULL
) ENGINE=InnoDB DEFAULT CHARSET=latin1;

--
-- Dumping data for table `emp_attendance`
--

INSERT INTO `emp_attendance` (`id`, `emp_id`, `at_date`, `c_in`, `c_out`, `status`, `notes`, `approved`) VALUES
(1, 1, '2019-08-25', '10:30:00', '21:00:00', 'p', '', 1),
(2, 2, '2019-08-25', '11:01:00', '20:00:00', 'p', '', 1),
(3, 4, '2019-08-25', '11:29:00', '20:00:00', 'l', '', 1),
(4, 5, '2019-08-25', NULL, NULL, 'a', '', 1),
(5, 6, '2019-08-25', '11:01:00', '19:01:00', 'p', '', 1),
(6, 7, '2019-08-25', NULL, NULL, 'a', '', 1),
(7, 8, '2019-08-25', '10:30:00', '20:00:00', 'p', '', 1),
(8, 9, '2019-08-25', NULL, NULL, 'a', '', 1),
(9, 10, '2019-08-25', '11:29:00', '19:00:00', 'l', '', 1),
(10, 11, '2019-08-25', NULL, NULL, 'a', '', 1),
(11, 12, '2019-08-25', '12:00:00', '22:00:00', 'l', '', 1),
(12, 13, '2019-08-25', '10:00:00', '19:30:00', 'p', '', 1),
(13, 14, '2019-08-25', '10:01:00', '19:30:00', 'p', '', 1),
(14, 15, '2019-08-25', NULL, NULL, 'a', '', 1),
(15, 16, '2019-08-25', '11:00:00', '23:01:00', 'p', '', 1),
(16, 17, '2019-08-25', '11:01:00', '20:01:00', 'p', '', 1),
(17, 18, '2019-08-25', '10:30:00', '21:00:00', 'p', '', 1),
(18, 19, '2019-08-25', '11:01:00', '20:00:00', 'p', '', 1),
(19, 20, '2019-08-25', '09:00:00', '18:01:00', 'p', '', 1),
(20, 22, '2019-08-25', NULL, NULL, 'a', '', 1),
(21, 23, '2019-08-25', '11:00:00', '20:09:00', 'p', '', 1),
(22, 1, '2019-08-01', '11:26:00', '20:00:00', 'l', '', 1),
(23, 2, '2019-08-01', '10:40:00', '19:16:00', 'p', '', 1),
(24, 4, '2019-08-01', '14:17:00', '21:01:00', 'l', '', 1),
(25, 5, '2019-08-01', '12:03:00', '19:58:00', 'l', '', 1),
(26, 6, '2019-08-01', '11:46:00', '19:19:00', 'l', '', 1),
(27, 7, '2019-08-01', '12:03:00', '20:00:00', 'l', '', 1),
(28, 8, '2019-08-01', '11:00:00', '19:37:00', 'p', '', 1),
(29, 9, '2019-08-01', '12:03:00', '20:17:00', 'l', '', 1),
(30, 10, '2019-08-01', '11:39:00', '20:00:00', 'p', '', 1),
(31, 11, '2019-08-01', NULL, NULL, 'a', '', 1),
(32, 12, '2019-08-01', '11:54:00', '21:05:00', 'l', '', 1),
(33, 13, '2019-08-01', '10:00:00', '20:06:00', 'p', '', 1),
(34, 14, '2019-08-01', '10:37:00', '20:00:00', 'p', '', 1),
(35, 15, '2019-08-01', '11:38:00', '19:32:00', 'l', '', 1),
(36, 16, '2019-08-01', '10:00:00', '20:05:00', 'p', '', 1),
(37, 17, '2019-08-01', '11:00:00', '20:00:00', 'p', '', 1),
(38, 18, '2019-08-01', '10:24:00', '20:08:00', 'p', '', 1),
(39, 19, '2019-08-01', '10:07:00', '21:03:00', 'p', '', 1),
(40, 20, '2019-08-01', '09:50:00', '18:19:00', 'p', '', 1),
(41, 22, '2019-08-01', NULL, NULL, 'a', '', 1),
(42, 23, '2019-08-01', '11:00:00', '19:19:00', 'p', '', 1),
(43, 1, '2019-08-04', '11:26:00', '21:00:00', 'l', '', 1),
(44, 2, '2019-08-04', '10:40:00', '19:16:00', 'p', '', 1),
(45, 4, '2019-08-04', NULL, NULL, 'sl', '', 1),
(46, 5, '2019-08-04', '23:41:00', '19:58:00', 'l', '', 1),
(47, 6, '2019-08-04', '11:00:00', '19:19:00', 'p', '', 1),
(48, 7, '2019-08-04', '23:34:00', '20:00:00', 'l', '', 1),
(49, 8, '2019-08-04', '11:32:00', '19:37:00', 'l', '', 1),
(50, 9, '2019-08-04', '12:03:00', '20:17:00', 'l', '', 1),
(51, 10, '2019-08-04', '11:39:00', '20:00:00', 'l', '', 1),
(52, 11, '2019-08-04', '11:45:00', '19:10:00', 'l', '', 1),
(53, 12, '2019-08-04', NULL, NULL, 'a', '', 1),
(54, 13, '2019-08-04', '10:00:00', '20:06:00', 'p', '', 1),
(55, 14, '2019-08-04', '11:37:00', '20:00:00', 'l', '', 1),
(56, 15, '2019-08-04', '11:27:00', '19:32:00', 'l', '', 1),
(57, 16, '2019-08-04', '10:00:00', '20:05:00', 'p', '', 1),
(58, 17, '2019-08-04', '11:46:00', '20:00:00', 'l', '', 1),
(59, 18, '2019-08-04', '10:24:00', '20:08:00', 'p', '', 1),
(60, 19, '2019-08-04', '10:07:00', '21:03:00', 'p', '', 1),
(61, 20, '2019-08-04', '09:50:00', '18:19:00', 'p', '', 1),
(62, 22, '2019-08-04', NULL, NULL, 'a', '', 1),
(63, 23, '2019-08-04', '11:30:00', '19:19:00', 'l', '', 1),
(64, 1, '2019-08-05', '11:20:00', '21:00:00', 'l', '', 1),
(65, 2, '2019-08-05', '10:48:00', '19:16:00', 'p', '', 1),
(66, 4, '2019-08-05', '11:35:00', '20:29:00', 'l', '', 1),
(67, 5, '2019-08-05', '23:41:00', '19:58:00', 'l', '', 1),
(68, 6, '2019-08-05', '11:39:00', '19:42:00', 'l', '', 1),
(69, 7, '2019-08-05', '23:07:00', '19:00:00', 'p', '', 1),
(70, 8, '2019-08-05', '11:03:00', '19:37:00', 'p', '', 1),
(71, 9, '2019-08-05', '23:31:00', '20:17:00', 'l', '', 1),
(72, 10, '2019-08-05', '11:39:00', '20:00:00', 'l', '', 1),
(73, 11, '2019-08-05', '13:11:00', '19:37:00', 'l', '', 1),
(74, 12, '2019-08-05', '11:05:00', '20:12:00', 'p', '', 1),
(75, 13, '2019-08-05', '10:00:00', '20:06:00', 'p', '', 1),
(76, 14, '2019-08-05', '11:37:00', '20:00:00', 'l', '', 1),
(77, 15, '2019-08-05', '11:22:00', '19:32:00', 'l', '', 1),
(78, 16, '2019-08-05', '10:00:00', '20:05:00', 'p', '', 1),
(79, 17, '2019-08-05', NULL, NULL, 'a', '', 1),
(80, 18, '2019-08-05', '10:24:00', '20:08:00', 'p', '', 1),
(81, 19, '2019-08-05', '10:07:00', '21:03:00', 'p', '', 1),
(82, 20, '2019-08-05', '09:50:00', '18:19:00', 'p', '', 1),
(83, 22, '2019-08-05', NULL, NULL, 'a', '', 1),
(84, 23, '2019-08-05', '11:20:00', '19:19:00', 'l', '', 1),
(85, 1, '2019-08-06', '11:28:00', '20:22:00', 'l', '', 1),
(86, 2, '2019-08-06', '11:48:00', '20:16:00', 'p', '', 1),
(87, 4, '2019-08-06', '00:00:00', '20:29:00', 'l', '', 1),
(88, 5, '2019-08-06', '23:35:00', '19:58:00', 'l', '', 1),
(89, 6, '2019-08-06', '11:14:00', '19:42:00', 'p', '', 1),
(90, 7, '2019-08-06', '11:18:00', '19:00:00', 'l', '', 1),
(91, 8, '2019-08-06', '11:54:00', '19:37:00', 'l', '', 1),
(92, 9, '2019-08-06', '11:00:00', '20:00:00', 'p', '', 1),
(93, 10, '2019-08-06', '11:07:00', '20:00:00', 'p', '', 1),
(94, 11, '2019-08-06', '23:11:00', '19:37:00', 'l', '', 1),
(95, 12, '2019-08-06', '11:05:00', '20:12:00', 'p', '', 1),
(96, 13, '2019-08-06', '10:00:00', '20:06:00', 'p', '', 1),
(97, 14, '2019-08-06', '11:37:00', '20:00:00', 'l', '', 1),
(98, 15, '2019-08-06', '11:27:00', '19:32:00', 'l', '', 1),
(99, 16, '2019-08-06', '10:00:00', '20:05:00', 'p', '', 1),
(100, 17, '2019-08-06', '11:22:00', '19:48:00', 'l', '', 1),
(101, 18, '2019-08-06', '10:24:00', '20:08:00', 'p', '', 1),
(102, 19, '2019-08-06', '10:07:00', '21:03:00', 'p', '', 1),
(103, 20, '2019-08-06', '09:50:00', '18:19:00', 'p', '', 1),
(104, 22, '2019-08-06', NULL, NULL, 'a', '', 1),
(105, 23, '2019-08-06', '11:00:00', '19:19:00', 'p', '', 1),
(106, 1, '2019-08-07', '11:13:00', '20:50:00', 'p', '', 1),
(107, 2, '2019-08-07', '11:35:00', '20:16:00', 'p', '', 1),
(108, 4, '2019-08-07', '11:42:00', '20:29:00', 'l', '', 1),
(109, 5, '2019-08-07', '23:35:00', '19:58:00', 'l', '', 1),
(110, 6, '2019-08-07', '11:14:00', '19:42:00', 'p', '', 1),
(111, 7, '2019-08-07', '11:18:00', '19:00:00', 'l', '', 1),
(112, 8, '2019-08-07', '11:54:00', '19:37:00', 'l', '', 1),
(113, 9, '2019-08-07', '11:00:00', '20:00:00', 'p', '', 1),
(114, 10, '2019-08-07', '11:07:00', '20:00:00', 'p', '', 1),
(115, 11, '2019-08-07', '11:08:00', '19:37:00', 'p', '', 1),
(116, 12, '2019-08-07', '10:54:00', '20:12:00', 'p', '', 1),
(117, 13, '2019-08-07', '10:00:00', '20:06:00', 'p', '', 1),
(118, 14, '2019-08-07', '11:07:00', '20:00:00', 'p', '', 1),
(119, 15, '2019-08-07', '11:27:00', '19:32:00', 'l', '', 1),
(120, 16, '2019-08-07', '10:00:00', '20:05:00', 'p', '', 1),
(121, 17, '2019-08-07', '11:08:00', '19:48:00', 'p', '', 1),
(122, 18, '2019-08-07', '10:24:00', '20:08:00', 'p', '', 1),
(123, 19, '2019-08-07', '10:07:00', '21:03:00', 'p', '', 1),
(124, 20, '2019-08-07', '09:50:00', '18:19:00', 'p', '', 1),
(125, 22, '2019-08-07', NULL, NULL, 'a', '', 1),
(126, 23, '2019-08-07', '11:35:00', '20:09:00', 'l', '', 1),
(127, 1, '2019-08-08', '10:31:00', '21:32:00', 'p', '', 1),
(128, 2, '2019-08-08', '11:09:00', '20:16:00', 'p', '', 1),
(129, 4, '2019-08-08', '11:05:00', '20:29:00', 'p', '', 1),
(130, 5, '2019-08-08', '23:59:00', '19:58:00', 'l', '', 1),
(131, 6, '2019-08-08', '11:20:00', '19:42:00', 'l', '', 1),
(132, 7, '2019-08-08', '11:33:00', '19:00:00', 'l', '', 1),
(133, 8, '2019-08-08', '11:04:00', '19:37:00', 'p', '', 1),
(134, 9, '2019-08-08', '11:27:00', '20:00:00', 'l', '', 1),
(135, 10, '2019-08-08', '11:07:00', '20:00:00', 'p', '', 1),
(136, 11, '2019-08-08', '11:13:00', '19:15:00', 'p', '', 1),
(137, 12, '2019-08-08', '10:54:00', '20:12:00', 'p', '', 1),
(138, 13, '2019-08-08', '10:00:00', '20:06:00', 'p', '', 1),
(139, 14, '2019-08-08', '11:07:00', '20:00:00', 'p', '', 1),
(140, 15, '2019-08-08', '11:27:00', '19:32:00', 'l', '', 1),
(141, 16, '2019-08-08', '10:00:00', '20:05:00', 'p', '', 1),
(142, 17, '2019-08-08', '11:08:00', '19:48:00', 'p', '', 1),
(143, 18, '2019-08-08', '10:24:00', '20:08:00', 'p', '', 1),
(144, 19, '2019-08-08', '10:07:00', '21:03:00', 'p', '', 1),
(145, 20, '2019-08-08', '09:50:00', '18:19:00', 'p', '', 1),
(146, 22, '2019-08-08', NULL, NULL, 'a', '', 1),
(147, 23, '2019-08-08', '11:00:00', '20:09:00', 'p', '', 1),
(148, 1, '2019-08-18', '11:24:00', '19:50:00', 'l', '', 1),
(149, 2, '2019-08-18', '11:00:00', '19:44:00', 'p', '', 1),
(150, 4, '2019-08-18', '11:01:00', '19:28:00', 'p', '', 1),
(151, 5, '2019-08-18', NULL, NULL, 'a', '', 1),
(152, 6, '2019-08-18', '10:40:00', '19:01:00', 'p', '', 1),
(153, 7, '2019-08-18', '12:37:00', '20:00:00', 'l', '', 1),
(154, 8, '2019-08-18', '11:00:00', '19:20:00', 'p', '', 1),
(155, 9, '2019-08-18', NULL, NULL, 'a', '', 1),
(156, 10, '2019-08-18', NULL, NULL, 'a', '', 1),
(157, 11, '2019-08-18', '11:06:00', '19:31:00', 'p', '', 1),
(158, 12, '2019-08-18', '11:01:00', '19:53:00', 'p', '', 1),
(159, 13, '2019-08-18', '10:00:00', '19:16:00', 'p', '', 1),
(160, 14, '2019-08-18', '10:31:00', '19:37:00', 'p', '', 1),
(161, 15, '2019-08-18', '10:39:00', '19:33:00', 'p', '', 1),
(162, 16, '2019-08-18', NULL, NULL, 'a', '', 1),
(163, 17, '2019-08-18', '11:00:00', '19:03:00', 'p', '', 1),
(164, 18, '2019-08-18', NULL, NULL, 'a', '', 1),
(165, 19, '2019-08-18', '10:06:00', '20:02:00', 'p', '', 1),
(166, 20, '2019-08-18', '10:02:00', '18:07:00', 'p', '', 1),
(167, 22, '2019-08-18', NULL, NULL, 'a', '', 1),
(168, 23, '2019-08-18', '11:05:00', '19:16:00', 'p', '', 1),
(169, 1, '2019-08-19', '10:24:00', '18:50:00', 'p', '', 1),
(170, 2, '2019-08-19', '11:00:00', '19:44:00', 'p', '', 1),
(171, 4, '2019-08-19', '11:01:00', '19:28:00', 'p', '', 1),
(172, 5, '2019-08-19', '11:39:00', '19:37:00', 'l', '', 1),
(173, 6, '2019-08-19', '11:40:00', '19:57:00', 'l', '', 1),
(174, 7, '2019-08-19', '23:12:00', '20:00:00', 'p', '', 1),
(175, 8, '2019-08-19', '10:20:00', '19:20:00', 'p', '', 1),
(176, 9, '2019-08-19', '11:00:00', '19:00:00', 'p', '', 1),
(177, 10, '2019-08-19', NULL, NULL, 'a', '', 1),
(178, 11, '2019-08-19', '11:47:00', '20:31:00', 'l', '', 1),
(179, 12, '2019-08-19', '10:50:00', '20:53:00', 'p', '', 1),
(180, 13, '2019-08-19', '10:00:00', '19:16:00', 'p', '', 1),
(181, 14, '2019-08-19', '10:31:00', '20:19:00', 'p', '', 1),
(182, 15, '2019-08-19', '11:39:00', '19:33:00', 'l', '', 1),
(183, 16, '2019-08-19', NULL, NULL, 'a', '', 1),
(184, 17, '2019-08-19', '11:00:00', '19:03:00', 'p', '', 1),
(185, 18, '2019-08-19', NULL, NULL, 'a', '', 1),
(186, 19, '2019-08-19', '10:06:00', '20:02:00', 'p', '', 1),
(187, 20, '2019-08-19', '10:02:00', '18:07:00', 'p', '', 1),
(188, 22, '2019-08-19', NULL, NULL, 'a', '', 1),
(189, 23, '2019-08-19', '10:36:00', '20:08:00', 'p', '', 1),
(190, 1, '2019-08-20', '10:35:00', '20:50:00', 'p', '', 1),
(191, 2, '2019-08-20', '11:07:00', '19:37:00', 'p', '', 1),
(192, 4, '2019-08-20', '11:34:00', '20:28:00', 'l', '', 1),
(193, 5, '2019-08-20', '11:57:00', '19:37:00', 'l', '', 1),
(194, 6, '2019-08-20', NULL, NULL, 'a', '', 1),
(195, 7, '2019-08-20', '23:34:00', '20:00:00', 'l', '', 1),
(196, 8, '2019-08-20', '10:45:00', '19:20:00', 'p', '', 1),
(197, 9, '2019-08-20', NULL, NULL, 'a', '', 1),
(198, 10, '2019-08-20', NULL, NULL, 'a', '', 1),
(199, 11, '2019-08-20', '00:01:00', '19:31:00', 'l', '', 1),
(200, 12, '2019-08-20', NULL, NULL, 'a', '', 1),
(201, 13, '2019-08-20', '10:00:00', '19:16:00', 'p', '', 1),
(202, 14, '2019-08-20', '10:31:00', '20:19:00', 'p', '', 1),
(203, 15, '2019-08-20', '11:39:00', '19:33:00', 'l', '', 1),
(204, 16, '2019-08-20', NULL, NULL, 'a', '', 1),
(205, 17, '2019-08-20', '11:00:00', '19:03:00', 'p', '', 1),
(206, 18, '2019-08-20', NULL, NULL, 'a', '', 1),
(207, 19, '2019-08-20', '10:06:00', '20:02:00', 'p', '', 1),
(208, 20, '2019-08-20', '10:02:00', '18:07:00', 'p', '', 1),
(209, 22, '2019-08-20', NULL, NULL, 'a', '', 1),
(210, 23, '2019-08-20', '11:03:00', '20:08:00', 'p', '', 1),
(211, 1, '2019-08-21', '10:11:00', '20:16:00', 'p', '', 1),
(212, 2, '2019-08-21', '11:03:00', '19:52:00', 'p', '', 1),
(213, 4, '2019-08-21', '11:53:00', '20:15:00', 'l', '', 1),
(214, 5, '2019-08-21', NULL, NULL, 'a', '', 1),
(215, 6, '2019-08-21', '11:42:00', '19:41:00', 'l', '', 1),
(216, 7, '2019-08-21', '23:59:00', '20:00:00', 'l', '', 1),
(217, 8, '2019-08-21', '11:09:00', '19:20:00', 'p', '', 1),
(218, 9, '2019-08-21', NULL, NULL, 'a', '', 1),
(219, 10, '2019-08-21', '11:43:00', '08:00:00', 'l', '', 1),
(220, 11, '2019-08-21', '11:02:00', '19:31:00', 'p', '', 1),
(221, 12, '2019-08-21', '11:05:00', '20:04:00', 'p', '', 1),
(222, 13, '2019-08-21', '10:00:00', '19:16:00', 'p', '', 1),
(223, 14, '2019-08-21', '10:43:00', '20:19:00', 'p', '', 1),
(224, 15, '2019-08-21', NULL, NULL, 'a', '', 1),
(225, 16, '2019-08-21', NULL, NULL, 'a', '', 1),
(226, 17, '2019-08-21', '11:31:00', '20:03:00', 'l', '', 1),
(227, 18, '2019-08-21', '10:31:00', '20:02:00', 'p', '', 1),
(228, 19, '2019-08-21', '10:06:00', '20:02:00', 'p', '', 1),
(229, 20, '2019-08-21', '10:02:00', '18:07:00', 'p', '', 1),
(230, 22, '2019-08-21', NULL, NULL, 'a', '', 1),
(231, 23, '2019-08-21', '11:09:00', '19:41:00', 'p', '', 1),
(232, 1, '2019-08-22', '10:21:00', '20:52:00', 'p', '', 1),
(233, 2, '2019-08-22', '11:08:00', '19:52:00', 'p', '', 1),
(234, 4, '2019-08-22', '11:09:00', '20:15:00', 'p', '', 1),
(235, 5, '2019-08-22', '12:05:00', '20:04:00', 'l', '', 1),
(236, 6, '2019-08-22', '10:42:00', '19:41:00', 'p', '', 1),
(237, 7, '2019-08-22', NULL, NULL, 'a', '', 1),
(238, 8, '2019-08-22', '10:36:00', '19:20:00', 'p', '', 1),
(239, 9, '2019-08-22', NULL, NULL, 'a', '', 1),
(240, 10, '2019-08-22', '11:18:00', '07:14:00', 'l', '', 1),
(241, 11, '2019-08-22', '00:38:00', '20:31:00', 'l', '', 1),
(242, 12, '2019-08-22', '11:45:00', '20:51:00', 'l', '', 1),
(243, 13, '2019-08-22', '10:00:00', '19:16:00', 'p', '', 1),
(244, 14, '2019-08-22', '11:43:00', '20:19:00', 'l', '', 1),
(245, 15, '2019-08-22', '12:00:00', '19:39:00', 'l', '', 1),
(246, 16, '2019-08-22', '10:58:00', '21:00:00', 'p', '', 1),
(247, 17, '2019-08-22', '10:31:00', '20:03:00', 'p', '', 1),
(248, 18, '2019-08-22', '10:31:00', '20:02:00', 'p', '', 1),
(249, 19, '2019-08-22', '10:06:00', '20:02:00', 'p', '', 1),
(250, 20, '2019-08-22', '10:02:00', '18:07:00', 'p', '', 1),
(251, 22, '2019-08-22', NULL, NULL, 'a', '', 1),
(252, 23, '2019-08-22', '11:51:00', '20:18:00', 'l', '', 1),
(253, 1, '2019-08-26', '10:22:00', '21:00:00', 'p', '', 1),
(254, 2, '2019-08-26', '11:00:00', '20:00:00', 'p', '', 1),
(255, 4, '2019-08-26', '11:40:00', '20:05:00', 'l', '', 1),
(256, 5, '2019-08-26', '12:03:00', '20:00:00', 'l', '', 1),
(257, 6, '2019-08-26', '11:00:00', '19:42:00', 'p', '', 1),
(258, 7, '2019-08-26', NULL, NULL, 'a', '', 1),
(259, 8, '2019-08-26', '10:47:00', '20:00:00', 'p', '', 1),
(260, 9, '2019-08-26', NULL, NULL, 'a', '', 1),
(261, 10, '2019-08-26', '11:49:00', '19:48:00', 'l', '', 1),
(262, 11, '2019-08-26', NULL, NULL, 'a', '', 1),
(263, 12, '2019-08-26', '11:47:00', '21:04:00', 'l', '', 1),
(264, 13, '2019-08-26', '10:34:00', '19:39:00', 'p', '', 1),
(265, 14, '2019-08-26', '10:34:00', '19:53:00', 'p', '', 1),
(266, 15, '2019-08-26', '11:11:00', '19:10:00', 'p', '', 1),
(267, 16, '2019-08-26', '09:58:00', '21:58:00', 'p', '', 1),
(268, 17, '2019-08-26', '11:05:00', '20:03:00', 'p', '', 1),
(269, 18, '2019-08-26', '10:21:00', '21:01:00', 'p', '', 1),
(270, 19, '2019-08-26', '10:21:00', '20:56:00', 'p', '', 1),
(271, 20, '2019-08-26', '09:58:00', '18:26:00', 'p', '', 1),
(272, 22, '2019-08-26', NULL, NULL, 'a', '', 1),
(273, 23, '2019-08-26', '11:20:00', '19:47:00', 'l', '', 1),
(274, 1, '2019-08-27', '11:34:00', '20:50:00', 'l', '', 1),
(275, 2, '2019-08-27', '11:44:00', '19:51:00', 'l', '', 1),
(276, 4, '2019-08-27', '11:28:00', '20:59:00', 'l', '', 1),
(277, 5, '2019-08-27', '12:58:00', '20:20:00', 'l', '', 1),
(278, 6, '2019-08-27', '12:59:00', '19:58:00', 'l', '', 1),
(279, 7, '2019-08-27', NULL, NULL, 'a', '', 1),
(280, 8, '2019-08-27', '10:59:00', '20:00:00', 'p', '', 1),
(281, 9, '2019-08-27', NULL, NULL, 'a', '', 1),
(282, 10, '2019-08-27', '11:00:00', '19:58:00', 'p', '', 1),
(283, 11, '2019-08-27', NULL, NULL, 'a', '', 1),
(284, 12, '2019-08-27', '10:58:00', '20:59:00', 'p', '', 1),
(285, 13, '2019-08-27', '10:33:00', '19:58:00', 'p', '', 1),
(286, 14, '2019-08-27', NULL, NULL, 'cl', '', 1),
(287, 15, '2019-08-27', '11:30:00', '19:22:00', 'l', '', 1),
(288, 16, '2019-08-27', '10:59:00', '21:59:00', 'p', '', 1),
(289, 17, '2019-08-27', '11:00:00', '19:38:00', 'p', '', 1),
(290, 18, '2019-08-27', '10:59:00', '20:59:00', 'p', '', 1),
(291, 19, '2019-08-27', '11:00:00', '20:02:00', 'p', '', 1),
(292, 20, '2019-08-27', '10:00:00', '19:00:00', 'p', '', 1),
(293, 22, '2019-08-27', NULL, NULL, 'a', '', 1),
(294, 23, '2019-08-27', NULL, NULL, 'cl', '', 1),
(295, 1, '2019-08-28', '10:33:00', '20:50:00', 'p', '', 1),
(296, 2, '2019-08-28', '11:38:00', '19:51:00', 'l', '', 1),
(297, 4, '2019-08-28', '11:28:00', '20:59:00', 'l', '', 1),
(298, 5, '2019-08-28', '12:58:00', '20:20:00', 'l', '', 1),
(299, 6, '2019-08-28', NULL, NULL, 'a', '', 1),
(300, 7, '2019-08-28', NULL, NULL, 'a', '', 1),
(301, 8, '2019-08-28', '10:59:00', '20:00:00', 'p', '', 1),
(302, 9, '2019-08-28', NULL, NULL, 'a', '', 1),
(303, 10, '2019-08-28', '11:59:00', '19:58:00', 'l', '', 1),
(304, 11, '2019-08-28', '12:01:00', '19:59:00', 'l', '', 1),
(305, 12, '2019-08-28', '11:58:00', '20:59:00', 'l', '', 1),
(306, 13, '2019-08-28', '10:33:00', '19:58:00', 'p', '', 1),
(307, 14, '2019-08-28', '11:48:00', '20:01:00', 'l', '', 1),
(308, 15, '2019-08-28', '11:30:00', '19:22:00', 'l', '', 1),
(309, 16, '2019-08-28', '10:59:00', '21:59:00', 'p', '', 1),
(310, 17, '2019-08-28', '11:59:00', '19:38:00', 'l', '', 1),
(311, 18, '2019-08-28', '10:59:00', '20:59:00', 'p', '', 1),
(312, 19, '2019-08-28', '11:00:00', '20:02:00', 'p', '', 1),
(313, 20, '2019-08-28', '10:00:00', '19:00:00', 'p', '', 1),
(314, 22, '2019-08-28', NULL, NULL, 'a', '', 1),
(315, 23, '2019-08-28', '11:49:00', '20:22:00', 'l', '', 1),
(316, 1, '2019-08-29', '10:33:00', '20:50:00', 'p', '', 1),
(317, 2, '2019-08-29', NULL, NULL, 'a', '', 1),
(318, 4, '2019-08-29', '11:53:00', '20:59:00', 'l', '', 1),
(319, 5, '2019-08-29', '12:58:00', '20:20:00', 'l', '', 1),
(320, 6, '2019-08-29', '10:59:00', '19:47:00', 'p', '', 1),
(321, 7, '2019-08-29', NULL, NULL, 'a', '', 1),
(322, 8, '2019-08-29', '11:38:00', '20:00:00', 'l', '', 1),
(323, 9, '2019-08-29', NULL, NULL, 'a', '', 1),
(324, 10, '2019-08-29', '11:59:00', '19:58:00', 'l', '', 1),
(325, 11, '2019-08-29', NULL, NULL, 'a', '', 1),
(326, 12, '2019-08-29', '11:32:00', '20:59:00', 'l', '', 1),
(327, 13, '2019-08-29', '10:33:00', '19:58:00', 'p', '', 1),
(328, 14, '2019-08-29', '10:48:00', '20:01:00', 'p', '', 1),
(329, 15, '2019-08-29', '11:18:00', '19:22:00', 'l', '', 1),
(330, 16, '2019-08-29', '10:59:00', '21:59:00', 'p', '', 1),
(331, 17, '2019-08-29', '10:59:00', '19:38:00', 'p', '', 1),
(332, 18, '2019-08-29', '10:59:00', '20:59:00', 'p', '', 1),
(333, 19, '2019-08-29', '11:00:00', '20:02:00', 'p', '', 1),
(334, 20, '2019-08-29', '10:00:00', '19:00:00', 'p', '', 1),
(335, 22, '2019-08-29', '11:03:00', '20:01:00', 'p', '', 1),
(336, 23, '2019-08-29', '11:34:00', '20:22:00', 'l', '', 1),
(337, 1, '2019-09-01', '11:00:00', '20:00:00', 'p', '', 1),
(338, 2, '2019-09-01', '11:01:00', '20:09:00', 'p', '', 1),
(339, 4, '2019-09-01', NULL, NULL, 'a', '', 1),
(340, 6, '2019-09-01', '11:04:00', '19:22:00', 'p', '', 1),
(341, 8, '2019-09-01', '11:30:00', '19:30:00', 'l', '', 1),
(342, 10, '2019-09-01', '11:20:00', '20:00:00', 'l', '', 1),
(343, 11, '2019-09-01', NULL, NULL, 'a', '', 1),
(344, 12, '2019-09-01', '11:11:00', '21:00:00', 'p', '', 1),
(345, 13, '2019-09-01', '11:00:00', '21:00:00', 'p', '', 1),
(346, 14, '2019-09-01', '11:11:00', '19:02:00', 'p', '', 1),
(347, 15, '2019-09-01', '11:33:00', '19:10:00', 'l', '', 1),
(348, 16, '2019-09-01', '10:11:00', '22:11:00', 'p', '', 1),
(349, 17, '2019-09-01', '11:00:00', '20:00:00', 'p', '', 1),
(350, 18, '2019-09-01', '11:11:00', '19:50:00', 'p', '', 1),
(351, 19, '2019-09-01', '11:11:00', '21:01:00', 'p', '', 1),
(352, 20, '2019-09-01', '11:11:00', '21:01:00', 'p', '', 1),
(353, 22, '2019-09-01', NULL, NULL, 'a', '', 1),
(354, 23, '2019-09-01', '11:00:00', '21:00:00', 'p', '', 1),
(355, 1, '2019-09-02', '11:00:00', '20:00:00', 'p', '', 1),
(356, 2, '2019-09-02', '11:01:00', '20:09:00', 'p', '', 1),
(357, 4, '2019-09-02', '12:01:00', '21:00:00', 'l', '', 1),
(358, 6, '2019-09-02', '11:40:00', '19:22:00', 'l', '', 1),
(359, 8, '2019-09-02', '11:30:00', '19:30:00', 'l', '', 1),
(360, 10, '2019-09-02', NULL, NULL, 'a', '', 1),
(361, 11, '2019-09-02', NULL, NULL, 'a', '', 1),
(362, 12, '2019-09-02', '11:30:00', '21:00:00', 'l', '', 1),
(363, 13, '2019-09-02', '11:00:00', '21:00:00', 'p', '', 1),
(364, 14, '2019-09-02', '11:11:00', '19:02:00', 'p', '', 1),
(365, 15, '2019-09-02', '11:35:00', '19:10:00', 'l', '', 1),
(366, 16, '2019-09-02', '10:11:00', '22:11:00', 'p', '', 1),
(367, 17, '2019-09-02', '11:15:00', '20:00:00', 'p', '', 1),
(368, 18, '2019-09-02', '11:11:00', '19:50:00', 'p', '', 1),
(369, 19, '2019-09-02', '11:11:00', '21:01:00', 'p', '', 1),
(370, 20, '2019-09-02', '11:11:00', '21:01:00', 'p', '', 1),
(371, 22, '2019-09-02', NULL, NULL, 'a', '', 1),
(372, 23, '2019-09-02', '11:00:00', '21:00:00', 'p', '', 1),
(373, 1, '2019-09-03', '11:00:00', '20:00:00', 'p', '', 1),
(374, 2, '2019-09-03', '11:10:00', '20:09:00', 'p', '', 1),
(375, 4, '2019-09-03', '11:30:00', '21:00:00', 'l', '', 1),
(376, 6, '2019-09-03', '11:00:00', '19:22:00', 'p', '', 1),
(377, 8, '2019-09-03', '11:00:00', '19:30:00', 'p', '', 1),
(378, 10, '2019-09-03', '11:00:00', '20:00:00', 'p', '', 1),
(379, 11, '2019-09-03', '12:03:00', '20:00:00', 'l', '', 1),
(380, 12, '2019-09-03', '11:15:00', '21:00:00', 'l', '', 1),
(381, 13, '2019-09-03', '11:00:00', '21:00:00', 'p', '', 1),
(382, 14, '2019-09-03', '11:11:00', '19:02:00', 'p', '', 1),
(383, 15, '2019-09-03', '11:00:00', '19:10:00', 'p', '', 1),
(384, 16, '2019-09-03', '10:11:00', '22:11:00', 'p', '', 1),
(385, 17, '2019-09-03', '11:40:00', '20:00:00', 'l', '', 1),
(386, 18, '2019-09-03', '11:11:00', '19:50:00', 'p', '', 1),
(387, 19, '2019-09-03', '11:11:00', '21:01:00', 'p', '', 1),
(388, 20, '2019-09-03', '11:11:00', '21:01:00', 'p', '', 1),
(389, 22, '2019-09-03', NULL, NULL, 'a', '', 1),
(390, 23, '2019-09-03', '11:10:00', '21:00:00', 'p', '', 1),
(391, 1, '2019-09-04', '11:00:00', '20:00:00', 'p', '', 1),
(392, 2, '2019-09-04', '11:10:00', '20:09:00', 'p', '', 1),
(393, 4, '2019-09-04', '11:00:00', '21:00:00', 'p', '', 1),
(394, 6, '2019-09-04', '11:00:00', '19:22:00', 'p', '', 1),
(395, 8, '2019-09-04', '11:40:00', '19:30:00', 'l', '', 1),
(396, 10, '2019-09-04', '15:01:00', '20:00:00', 'l', '', 1),
(397, 11, '2019-09-04', NULL, NULL, 'a', '', 1),
(398, 12, '2019-09-04', '11:15:00', '21:00:00', 'p', '', 1),
(399, 13, '2019-09-04', '11:00:00', '21:00:00', 'p', '', 1),
(400, 14, '2019-09-04', '11:00:00', '19:02:00', 'p', '', 1),
(401, 15, '2019-09-04', '10:50:00', '19:10:00', 'p', '', 1),
(402, 16, '2019-09-04', '10:11:00', '22:11:00', 'p', '', 1),
(403, 17, '2019-09-04', '11:00:00', '20:00:00', 'p', '', 1),
(404, 18, '2019-09-04', '11:11:00', '19:50:00', 'p', '', 1),
(405, 19, '2019-09-04', '11:11:00', '21:01:00', 'p', '', 1),
(406, 20, '2019-09-04', '11:11:00', '21:01:00', 'p', '', 1),
(407, 22, '2019-09-04', NULL, NULL, 'a', '', 1),
(408, 23, '2019-09-04', '00:00:00', '20:00:00', 'l', '', 1),
(409, 1, '2019-09-05', '10:50:00', '20:00:00', 'p', '', 1),
(410, 2, '2019-09-05', '11:10:00', '20:09:00', 'p', '', 1),
(411, 4, '2019-09-05', '00:00:00', '21:00:00', 'l', '', 1),
(412, 6, '2019-09-05', '00:40:00', '19:22:00', 'l', '', 1),
(413, 8, '2019-09-05', '11:00:00', '19:30:00', 'p', '', 1),
(414, 10, '2019-09-05', '15:01:00', '20:00:00', 'l', '', 1),
(415, 11, '2019-09-05', '14:59:00', '20:01:00', 'p', '', 1),
(416, 12, '2019-09-05', '00:10:00', '21:00:00', 'l', '', 1),
(417, 13, '2019-09-05', '11:00:00', '21:00:00', 'p', '', 1),
(418, 14, '2019-09-05', '11:00:00', '19:02:00', 'p', '', 1),
(419, 15, '2019-09-05', NULL, NULL, 'cl', '', 1),
(420, 16, '2019-09-05', '10:11:00', '22:11:00', 'p', '', 1),
(421, 17, '2019-09-05', '11:00:00', '20:00:00', 'p', '', 1),
(422, 18, '2019-09-05', '11:11:00', '19:50:00', 'p', '', 1),
(423, 19, '2019-09-05', '11:11:00', '21:01:00', 'p', '', 1),
(424, 20, '2019-09-05', '11:11:00', '21:01:00', 'p', '', 1),
(425, 22, '2019-09-05', '12:58:00', '19:58:00', 'p', '', 1),
(426, 23, '2019-09-05', '11:00:00', '20:00:00', 'p', '', 1),
(427, 1, '2019-09-08', '10:50:00', '20:30:00', 'p', '', 1),
(428, 2, '2019-09-08', '11:12:00', '20:09:00', 'p', '', 1),
(429, 4, '2019-09-08', '11:30:00', '21:00:00', 'l', '', 1),
(430, 6, '2019-09-08', '10:40:00', '19:22:00', 'p', '', 1),
(431, 8, '2019-09-08', '11:00:00', '19:30:00', 'p', '', 1),
(432, 10, '2019-09-08', '15:01:00', '20:00:00', 'l', '', 1),
(433, 11, '2019-09-08', '22:51:00', '20:01:00', 'p', '', 1),
(434, 12, '2019-09-08', '11:50:00', '21:00:00', 'l', '', 1),
(435, 13, '2019-09-08', '11:00:00', '21:00:00', 'p', '', 1),
(436, 14, '2019-09-08', '11:48:00', '19:02:00', 'l', '', 1),
(437, 15, '2019-09-08', '11:00:00', '19:20:00', 'p', '', 1),
(438, 16, '2019-09-08', '10:11:00', '22:11:00', 'p', '', 1),
(439, 17, '2019-09-08', '11:40:00', '20:00:00', 'l', '', 1),
(440, 18, '2019-09-08', '11:11:00', '19:50:00', 'p', '', 1),
(441, 19, '2019-09-08', '11:11:00', '21:01:00', 'p', '', 1),
(442, 20, '2019-09-08', '11:11:00', '21:01:00', 'p', '', 1),
(443, 22, '2019-09-08', NULL, NULL, 'a', '', 1),
(444, 23, '2019-09-08', '11:12:00', '20:00:00', 'p', '', 1),
(445, 1, '2019-09-09', '11:50:00', '20:30:00', 'l', '', 1),
(446, 2, '2019-09-09', '11:11:00', '20:50:00', 'p', '', 1),
(447, 4, '2019-09-09', '11:22:00', '21:00:00', 'l', '', 1),
(448, 6, '2019-09-09', '11:18:00', '20:22:00', 'l', '', 1),
(449, 8, '2019-09-09', '11:19:00', '19:30:00', 'l', '', 1),
(450, 10, '2019-09-09', '23:00:00', '20:00:00', 'p', '', 1),
(451, 11, '2019-09-09', NULL, NULL, 'a', '', 1),
(452, 12, '2019-09-09', '10:30:00', '21:00:00', 'p', '', 1),
(453, 13, '2019-09-09', '11:00:00', '21:00:00', 'p', '', 1),
(454, 14, '2019-09-09', '11:18:00', '19:02:00', 'l', '', 1),
(455, 15, '2019-09-09', '11:20:00', '19:20:00', 'l', '', 1),
(456, 16, '2019-09-09', '10:11:00', '22:11:00', 'p', '', 1),
(457, 17, '2019-09-09', '11:20:00', '20:00:00', 'l', '', 1),
(458, 18, '2019-09-09', '11:11:00', '19:50:00', 'p', '', 1),
(459, 19, '2019-09-09', '11:11:00', '21:01:00', 'p', '', 1),
(460, 20, '2019-09-09', '11:11:00', '21:01:00', 'p', '', 1),
(461, 22, '2019-09-09', NULL, NULL, 'a', '', 1),
(462, 23, '2019-09-09', '11:37:00', '20:00:00', 'l', '', 1),
(463, 1, '2019-09-11', '11:00:00', '21:00:00', 'p', '', 1),
(464, 2, '2019-09-11', '11:15:00', '20:00:00', 'p', '', 1),
(465, 4, '2019-09-11', '12:17:00', '20:00:00', 'l', '', 1),
(466, 6, '2019-09-11', NULL, NULL, 'a', '', 1),
(467, 8, '2019-09-11', '10:52:00', '20:00:00', 'p', '', 1),
(468, 10, '2019-09-11', '11:15:00', '19:30:00', 'p', '', 1),
(469, 11, '2019-09-11', NULL, NULL, 'a', '', 1),
(470, 12, '2019-09-11', '11:25:00', '20:00:00', 'l', '', 1),
(471, 13, '2019-09-11', NULL, NULL, 'a', '', 1),
(472, 14, '2019-09-11', '11:00:00', '19:00:00', 'p', '', 1),
(473, 15, '2019-09-11', '11:15:00', '19:30:00', 'p', '', 1),
(474, 16, '2019-09-11', '11:00:00', '21:00:00', 'p', '', 1),
(475, 17, '2019-09-11', '11:08:00', '20:00:00', 'p', '', 1),
(476, 18, '2019-09-11', NULL, NULL, 'a', '', 1),
(477, 19, '2019-09-11', '11:00:00', '19:00:00', 'p', '', 1),
(478, 20, '2019-09-11', '11:00:00', '20:00:00', 'p', '', 1),
(479, 22, '2019-09-11', NULL, NULL, 'a', '', 1),
(480, 23, '2019-09-11', '11:15:00', '20:00:00', 'p', '', 1),
(481, 1, '2019-09-07', '12:00:00', '19:00:00', 'p', '  ', 1),
(482, 12, '2019-09-07', '23:00:00', '19:00:00', 'p', '  ', 1),
(483, 14, '2019-09-07', '13:00:00', '19:00:00', 'p', '  ', 1),
(484, 15, '2019-09-07', '12:00:00', '17:00:00', 'p', '  ', 1),
(485, 1, '2019-09-12', '10:25:00', '20:03:00', 'p', '', 1),
(486, 2, '2019-09-12', '11:00:00', '19:30:00', 'p', '', 1),
(487, 4, '2019-09-12', '11:00:00', '20:30:00', 'p', '', 1),
(488, 6, '2019-09-12', '10:42:00', '19:22:00', 'p', '', 1),
(489, 8, '2019-09-12', '11:00:00', '19:40:00', 'p', '', 1),
(490, 10, '2019-09-12', '11:40:00', '20:00:00', 'l', '', 1),
(491, 11, '2019-09-12', '14:00:00', '20:59:00', 'p', '', 1),
(492, 12, '2019-09-12', '11:30:00', '20:30:00', 'l', '', 1),
(493, 13, '2019-09-12', NULL, NULL, 'cl', '', 1),
(494, 14, '2019-09-12', '11:00:00', '20:00:00', 'p', '', 1),
(495, 15, '2019-09-12', NULL, NULL, 'cl', '', 1),
(496, 16, '2019-09-12', '11:00:00', '22:00:00', 'p', '', 1),
(497, 17, '2019-09-12', '10:46:00', '19:55:00', 'p', '', 1),
(498, 18, '2019-09-12', NULL, NULL, 'a', '', 1),
(499, 19, '2019-09-12', '11:00:00', '20:00:00', 'p', '', 1),
(500, 20, '2019-09-12', '10:00:00', '19:00:00', 'p', '', 1),
(501, 22, '2019-09-12', '14:59:00', '19:00:00', 'p', '', 1),
(502, 23, '2019-09-12', '11:00:00', '20:00:00', 'p', '', 1),
(503, 1, '2019-09-15', '11:50:00', '20:50:00', 'l', '', 1),
(504, 2, '2019-09-15', '11:00:00', '18:50:00', 'p', '', 1),
(505, 4, '2019-09-15', '12:10:00', '20:40:00', 'l', '', 1),
(506, 6, '2019-09-15', '10:50:00', '19:20:00', 'p', '', 1),
(507, 8, '2019-09-15', '10:50:00', '19:30:00', 'p', '', 1),
(508, 10, '2019-09-15', '11:40:00', '15:00:00', 'l', '', 1),
(509, 11, '2019-09-15', NULL, NULL, 'a', '', 1),
(510, 12, '2019-09-15', '11:15:00', '20:30:00', 'p', '', 1),
(511, 13, '2019-09-15', '10:00:00', '20:00:00', 'p', '', 1),
(512, 14, '2019-09-15', '10:50:00', '20:00:00', 'p', '', 1),
(513, 15, '2019-09-15', '11:22:00', '07:05:00', 'l', '', 1),
(514, 16, '2019-09-15', '10:00:00', '20:00:00', 'p', '', 1),
(515, 17, '2019-09-15', '10:35:00', '19:30:00', 'p', '', 1),
(516, 18, '2019-09-15', NULL, NULL, 'a', '', 1),
(517, 19, '2019-09-15', '11:50:00', '20:30:00', 'l', '', 1),
(518, 20, '2019-09-15', '09:40:00', '18:00:00', 'p', '', 1),
(519, 22, '2019-09-15', NULL, NULL, 'a', '', 1),
(520, 23, '2019-09-15', '11:30:00', '20:00:00', 'l', '', 1),
(521, 15, '2019-09-14', '12:00:00', '15:00:00', 'p', '  ', 1),
(522, 1, '2019-09-14', '12:00:00', '19:50:00', 'p', '  ', 1),
(523, 12, '2019-09-14', '22:50:00', '15:00:00', 'p', '  ', 1),
(524, 4, '2019-09-14', '14:00:00', '19:00:00', 'p', '  ', 1),
(525, 2, '2019-09-14', '13:00:00', '17:00:00', 'p', '  ok', 1),
(526, 1, '2019-09-16', '10:45:00', '21:00:00', 'p', '', 1),
(527, 2, '2019-09-16', '11:30:00', '20:30:00', 'l', '', 1),
(528, 4, '2019-09-16', '12:00:00', '20:45:00', 'l', '', 1),
(529, 6, '2019-09-16', '11:00:00', '19:50:00', 'p', '', 1),
(530, 8, '2019-09-16', '11:25:00', '20:00:00', 'l', '', 1),
(531, 10, '2019-09-16', NULL, NULL, 'a', '', 1),
(532, 11, '2019-09-16', NULL, NULL, 'a', '', 1),
(533, 12, '2019-09-16', '10:50:00', '20:50:00', 'p', '', 1),
(534, 13, '2019-09-16', '10:00:00', '20:50:00', 'p', '', 1),
(535, 14, '2019-09-16', '10:40:00', '20:20:00', 'p', '', 1),
(536, 15, '2019-09-16', '11:00:00', '19:00:00', 'p', '', 1),
(537, 16, '2019-09-16', '10:00:00', '20:00:00', 'p', '', 1),
(538, 17, '2019-09-16', '11:10:00', '19:50:00', 'p', '', 1),
(539, 19, '2019-09-16', '10:40:00', '20:30:00', 'p', '', 1),
(540, 20, '2019-09-16', '09:50:00', '19:00:00', 'p', '', 1),
(541, 22, '2019-09-16', NULL, NULL, 'a', '', 1),
(542, 23, '2019-09-16', '11:30:00', '08:00:00', 'l', '', 1),
(543, 1, '2019-09-17', '10:30:00', '21:59:00', 'p', '', 1),
(544, 2, '2019-09-17', '10:50:00', '20:00:00', 'p', '', 1),
(545, 4, '2019-09-17', '12:10:00', '20:30:00', 'l', '', 1),
(546, 6, '2019-09-17', NULL, NULL, 'a', '', 1),
(547, 8, '2019-09-17', '11:00:00', '19:01:00', 'p', '', 1),
(548, 10, '2019-09-17', '11:15:00', '19:00:00', 'p', '', 1),
(549, 11, '2019-09-17', '12:30:00', '20:00:00', 'p', '', 1),
(550, 12, '2019-09-17', '10:15:00', '17:00:00', 'p', '', 1),
(551, 13, '2019-09-17', '09:30:00', '21:05:00', 'p', '', 1),
(552, 14, '2019-09-17', '10:00:00', '20:20:00', 'p', '', 1),
(553, 15, '2019-09-17', '11:00:00', '19:00:00', 'p', '', 1),
(554, 16, '2019-09-17', '10:59:00', '21:06:00', 'p', '', 1),
(555, 17, '2019-09-17', '11:05:00', '20:00:00', 'p', '', 1),
(556, 19, '2019-09-17', '11:00:00', '17:55:00', 'p', '', 1),
(557, 20, '2019-09-17', '10:00:00', '18:50:00', 'p', '', 1),
(558, 22, '2019-09-17', NULL, NULL, 'a', '', 1),
(559, 23, '2019-09-17', '11:00:00', '20:00:00', 'p', '', 1),
(560, 1, '2019-09-18', '11:40:00', '20:30:00', 'l', '', 1),
(561, 2, '2019-09-18', '12:05:00', '19:40:00', 'l', '', 1),
(562, 4, '2019-09-18', NULL, NULL, 'a', '', 1),
(563, 6, '2019-09-18', NULL, NULL, 'a', '', 1),
(564, 8, '2019-09-18', '11:35:00', '19:40:00', 'p', '', 1),
(565, 10, '2019-09-18', '11:00:00', '19:07:00', 'p', '', 1),
(566, 11, '2019-09-18', '12:00:00', '19:50:00', 'p', '', 1),
(567, 12, '2019-09-18', '10:30:00', '20:30:00', 'p', '', 1),
(568, 13, '2019-09-18', '10:20:00', '20:30:00', 'p', '', 1),
(569, 14, '2019-09-18', '10:50:00', '20:00:00', 'p', '', 1),
(570, 15, '2019-09-18', '11:15:00', '20:02:00', 'p', '', 1),
(571, 16, '2019-09-18', '10:00:00', '20:30:00', 'p', '', 1),
(572, 17, '2019-09-18', '11:00:00', '19:50:00', 'p', '', 1),
(573, 19, '2019-09-18', '11:40:00', '20:30:00', 'l', '', 1),
(574, 20, '2019-09-18', '09:50:00', '18:50:00', 'p', '', 1),
(575, 22, '2019-09-18', NULL, NULL, 'a', '', 1),
(576, 23, '2019-09-18', '12:05:00', '20:00:00', 'l', '', 1),
(577, 1, '2019-09-19', '10:00:00', '20:30:00', 'p', '', 1),
(578, 2, '2019-09-19', '12:00:00', '19:50:00', 'l', '', 1),
(579, 4, '2019-09-19', '11:40:00', '20:30:00', 'l', '', 1),
(580, 6, '2019-09-19', NULL, NULL, 'a', '', 1),
(581, 8, '2019-09-19', '11:00:00', '19:50:00', 'p', '', 1),
(582, 10, '2019-09-19', '11:05:00', '20:00:00', 'p', '', 1),
(583, 11, '2019-09-19', NULL, NULL, 'a', '', 1),
(584, 12, '2019-09-19', '11:40:00', '20:30:00', 'l', '', 1),
(585, 13, '2019-09-19', '10:20:00', '20:00:00', 'p', '', 1),
(586, 14, '2019-09-19', '10:50:00', '20:00:00', 'p', '', 1),
(587, 15, '2019-09-19', NULL, NULL, 'cl', '', 1),
(588, 16, '2019-09-19', '10:00:00', '20:00:00', 'p', '', 1),
(589, 17, '2019-09-19', '10:50:00', '19:59:00', 'p', '', 1),
(590, 19, '2019-09-19', '11:00:00', '20:30:00', 'p', '', 1),
(591, 20, '2019-09-19', '09:40:00', '19:00:00', 'p', '', 1),
(592, 22, '2019-09-19', '12:00:00', '19:00:00', 'p', '', 1),
(593, 23, '2019-09-19', '12:00:00', '20:00:00', 'l', '', 1),
(594, 1, '2019-09-22', '10:30:00', '20:00:00', 'p', '', 1),
(595, 2, '2019-09-22', NULL, NULL, 'sl', '', 1),
(596, 4, '2019-09-22', '11:50:00', '20:59:00', 'l', '', 1),
(597, 8, '2019-09-22', '10:50:00', '19:30:00', 'p', '', 1),
(598, 10, '2019-09-22', '12:10:00', '19:30:00', 'l', '', 1),
(599, 11, '2019-09-22', NULL, NULL, 'a', '', 1),
(600, 12, '2019-09-22', '11:00:00', '20:30:00', 'p', '', 1),
(601, 13, '2019-09-22', '10:20:00', '20:20:00', 'p', '', 1),
(602, 14, '2019-09-22', '10:20:00', '19:50:00', 'p', '', 1),
(603, 15, '2019-09-22', NULL, NULL, 'a', '', 1),
(604, 16, '2019-09-22', '10:00:00', '20:00:00', 'p', '', 1),
(605, 17, '2019-09-22', '11:15:00', '19:30:00', 'p', '', 1),
(606, 19, '2019-09-22', '10:20:00', '20:00:00', 'p', '', 1),
(607, 20, '2019-09-22', '09:50:00', '19:00:00', 'p', '', 1),
(608, 22, '2019-09-22', NULL, NULL, 'a', '', 1),
(609, 23, '2019-09-22', '11:27:00', '18:50:00', 'l', '', 1),
(610, 1, '2019-09-23', '11:35:00', '20:30:00', 'l', '', 1),
(611, 2, '2019-09-23', '11:45:00', '19:20:00', 'l', '', 1),
(612, 4, '2019-09-23', '12:10:00', '20:20:00', 'l', '', 1),
(613, 8, '2019-09-23', '10:40:00', '19:20:00', 'p', '', 1),
(614, 10, '2019-09-23', '11:00:00', '18:20:00', 'p', '', 1),
(615, 11, '2019-09-23', NULL, NULL, 'a', '', 1),
(616, 12, '2019-09-23', '11:00:00', '20:30:00', 'p', '', 1),
(617, 13, '2019-09-23', '10:20:00', '19:45:00', 'p', '', 1),
(618, 14, '2019-09-23', '10:45:00', '19:50:00', 'p', '', 1),
(619, 15, '2019-09-23', '11:35:00', '19:40:00', 'l', '', 1),
(620, 16, '2019-09-23', '10:00:00', '21:00:00', 'p', '', 1),
(621, 17, '2019-09-23', '11:25:00', '20:00:00', 'l', '', 1),
(622, 19, '2019-09-23', '10:25:00', '20:08:00', 'p', '', 1),
(623, 20, '2019-09-23', '09:50:00', '19:00:00', 'p', '', 1),
(624, 22, '2019-09-23', NULL, NULL, 'a', '', 1),
(625, 23, '2019-09-23', NULL, NULL, 'sl', '', 1),
(626, 1, '2019-09-21', '12:00:00', '20:20:00', 'p', '  ', 1),
(627, 8, '2019-09-21', '12:00:00', '20:20:00', 'p', '  ', 1),
(628, 1, '2019-09-24', '10:30:00', '20:55:00', 'p', '', 1),
(629, 2, '2019-09-24', '11:25:00', '19:04:00', 'l', '', 1),
(630, 4, '2019-09-24', '11:40:00', '20:20:00', 'l', '', 1),
(631, 8, '2019-09-24', '11:25:00', '19:00:00', 'l', '', 1),
(632, 10, '2019-09-24', NULL, NULL, 'sl', '', 1),
(633, 11, '2019-09-24', NULL, NULL, 'a', '', 1),
(634, 12, '2019-09-24', '11:00:00', '20:50:00', 'p', '', 1),
(635, 13, '2019-09-24', '10:00:00', '20:00:00', 'p', '', 1),
(636, 14, '2019-09-24', '10:30:00', '20:00:00', 'p', '', 1),
(637, 15, '2019-09-24', '11:40:00', '20:00:00', 'l', '', 1),
(638, 16, '2019-09-24', '10:00:00', '20:52:00', 'p', '', 1),
(639, 17, '2019-09-24', '11:59:00', '19:50:00', 'p', '', 1),
(640, 19, '2019-09-24', '10:59:00', '10:59:00', 'p', '', 1),
(641, 20, '2019-09-24', '10:00:00', '20:22:00', 'p', '', 1),
(642, 22, '2019-09-24', NULL, NULL, 'a', '', 1),
(643, 23, '2019-09-24', '11:25:00', '20:20:00', 'l', '', 1),
(644, 1, '2019-09-25', '10:30:00', '20:55:00', 'p', '', 1),
(645, 2, '2019-09-25', '11:00:00', '19:04:00', 'p', '', 1),
(646, 4, '2019-09-25', '11:00:00', '20:20:00', 'p', '', 1),
(647, 8, '2019-09-25', NULL, NULL, 'a', '', 1),
(648, 10, '2019-09-25', '11:00:00', '20:00:00', 'p', '', 1),
(649, 11, '2019-09-25', '11:00:00', '20:00:00', 'p', '', 1),
(650, 12, '2019-09-25', '11:00:00', '20:50:00', 'p', '', 1),
(651, 13, '2019-09-25', '10:00:00', '20:00:00', 'p', '', 1),
(652, 14, '2019-09-25', '10:30:00', '20:00:00', 'p', '', 1),
(653, 15, '2019-09-25', '11:40:00', '20:00:00', 'p', '', 1),
(654, 16, '2019-09-25', '10:00:00', '20:52:00', 'p', '', 1),
(655, 17, '2019-09-25', '11:59:00', '19:50:00', 'p', '', 1),
(656, 19, '2019-09-25', '10:59:00', '10:59:00', 'p', '', 1),
(657, 20, '2019-09-25', '10:00:00', '20:22:00', 'p', '', 1),
(658, 22, '2019-09-25', NULL, NULL, 'a', '', 1),
(659, 23, '2019-09-25', '11:00:00', '19:00:00', 'p', '', 1),
(660, 1, '2019-09-26', '11:00:00', '20:30:00', 'p', '', 1),
(661, 2, '2019-09-26', '11:00:00', '19:20:00', 'p', '', 1),
(662, 4, '2019-09-26', '11:00:00', '08:25:00', 'p', '', 1),
(663, 8, '2019-09-26', NULL, NULL, 'a', '', 1),
(664, 10, '2019-09-26', NULL, NULL, 'a', '', 1),
(665, 11, '2019-09-26', NULL, NULL, 'a', '', 1),
(666, 12, '2019-09-26', '11:02:00', '20:00:00', 'p', '', 1),
(667, 13, '2019-09-26', '10:59:00', '21:00:00', 'p', '', 1),
(668, 14, '2019-09-26', '10:00:00', '20:00:00', 'p', '', 1),
(669, 15, '2019-09-26', NULL, NULL, 'cl', '', 1),
(670, 16, '2019-09-26', '10:00:00', '19:45:00', 'p', '', 1),
(671, 17, '2019-09-26', '11:01:00', '20:00:00', 'p', '', 1),
(672, 19, '2019-09-26', '11:59:00', '20:08:00', 'p', '', 1),
(673, 20, '2019-09-26', '08:00:00', '19:00:00', 'p', '', 1),
(674, 22, '2019-09-26', '14:00:00', '18:00:00', 'p', '', 1),
(675, 23, '2019-09-26', '10:58:00', '19:42:00', 'p', '', 1),
(676, 1, '2019-09-29', '11:00:00', '20:30:00', 'p', '', 1),
(677, 2, '2019-09-29', '11:25:00', '19:20:00', 'l', '', 1),
(678, 4, '2019-09-29', '00:25:00', '08:25:00', 'l', '', 1),
(679, 8, '2019-09-29', '11:20:00', '19:50:00', 'l', '', 1),
(680, 10, '2019-09-29', '12:40:00', '19:00:00', 'l', '', 1),
(681, 11, '2019-09-29', NULL, NULL, 'a', '', 1),
(682, 12, '2019-09-29', '11:25:00', '20:00:00', 'l', '', 1),
(683, 13, '2019-09-29', '10:59:00', '21:00:00', 'p', '', 1),
(684, 14, '2019-09-29', '11:25:00', '20:00:00', 'l', '', 1),
(685, 15, '2019-09-29', '23:30:00', '19:20:00', 'l', '', 1),
(686, 16, '2019-09-29', '10:00:00', '19:45:00', 'p', '', 1),
(687, 17, '2019-09-29', '11:01:00', '20:00:00', 'p', '', 1),
(688, 19, '2019-09-29', '11:59:00', '20:08:00', 'p', '', 1),
(689, 20, '2019-09-29', '08:00:00', '19:00:00', 'p', '', 1),
(690, 22, '2019-09-29', NULL, NULL, 'a', '', 1),
(691, 23, '2019-09-29', '11:25:00', '19:42:00', 'l', '', 1),
(692, 1, '2019-09-30', '11:50:00', '21:00:00', 'l', '', 1),
(693, 2, '2019-09-30', '11:20:00', '20:00:00', 'l', '', 1),
(694, 4, '2019-09-30', '12:00:00', '20:20:00', 'l', '', 1),
(695, 8, '2019-09-30', '11:00:00', '19:50:00', 'p', '', 1),
(696, 10, '2019-09-30', '12:40:00', '20:00:00', 'l', '', 1),
(697, 11, '2019-09-30', '17:00:00', '19:50:00', 'p', '', 1),
(698, 12, '2019-09-30', '11:03:00', '21:00:00', 'p', '', 1),
(699, 13, '2019-09-30', '10:20:00', '20:59:00', 'p', '', 1),
(700, 14, '2019-09-30', '10:30:00', '20:20:00', 'p', '', 1),
(701, 15, '2019-09-30', '11:00:00', '19:50:00', 'p', '', 1),
(702, 16, '2019-09-30', '10:59:00', '22:59:00', 'p', '', 1),
(703, 17, '2019-09-30', '11:00:00', '20:10:00', 'p', '', 1),
(704, 19, '2019-09-30', '11:59:00', '21:02:00', 'p', '', 1),
(705, 20, '2019-09-30', '10:00:00', '19:00:00', 'p', '', 1),
(706, 22, '2019-09-30', NULL, NULL, 'a', '', 1),
(707, 23, '2019-09-30', '11:20:00', '20:00:00', 'l', '', 1),
(708, 1, '2019-09-28', '11:11:00', '21:00:00', 'p', ' Saturday', 1),
(709, 12, '2019-09-28', '13:11:00', '21:00:00', 'p', ' Saturday', 1),
(710, 1, '2019-10-01', '10:20:00', '20:20:00', 'p', '', 1),
(711, 2, '2019-10-01', '11:40:00', '19:50:00', 'l', '', 1),
(712, 4, '2019-10-01', '12:33:00', '20:00:00', 'l', '', 1),
(713, 8, '2019-10-01', '11:00:00', '19:50:00', 'p', '', 1),
(714, 10, '2019-10-01', '11:08:00', '19:00:00', 'p', '', 1),
(715, 11, '2019-10-01', NULL, NULL, 'a', '', 1),
(716, 12, '2019-10-01', '11:00:00', '20:30:00', 'p', '', 1),
(717, 13, '2019-10-01', '10:30:00', '20:00:00', 'p', '', 1),
(718, 14, '2019-10-01', '11:28:00', '19:40:00', 'l', '', 1),
(719, 15, '2019-10-01', '11:03:00', '19:40:00', 'p', '', 1),
(720, 16, '2019-10-01', '10:00:00', '20:00:00', 'p', '', 1),
(721, 17, '2019-10-01', '11:15:00', '20:00:00', 'p', '', 1),
(722, 19, '2019-10-01', '10:30:00', '20:20:00', 'p', '', 1),
(723, 20, '2019-10-01', '09:50:00', '19:00:00', 'p', '', 1),
(724, 22, '2019-10-01', NULL, NULL, 'a', '', 1),
(725, 24, '2019-10-01', '15:00:00', '20:00:00', 'p', '', 1),
(726, 25, '2019-10-01', '11:40:00', '19:00:00', 'l', '', 1),
(727, 26, '2019-10-01', '10:50:00', '20:00:00', 'p', '', 1),
(728, 1, '2019-10-02', '11:40:00', '21:00:00', 'l', '', 1),
(729, 2, '2019-10-02', '11:07:00', '20:00:00', 'p', '', 1),
(730, 4, '2019-10-02', '12:10:00', '20:20:00', 'l', '', 1),
(731, 8, '2019-10-02', '11:10:00', '14:00:00', 'l', '', 1),
(732, 10, '2019-10-02', NULL, NULL, 'a', '', 1),
(733, 11, '2019-10-02', NULL, NULL, 'a', '', 1),
(734, 12, '2019-10-02', '11:45:00', '20:50:00', 'l', '', 1),
(735, 13, '2019-10-02', '10:20:00', '20:10:00', 'p', '', 1),
(736, 14, '2019-10-02', '11:30:00', '20:00:00', 'l', '', 1),
(737, 15, '2019-10-02', '11:00:00', '19:00:00', 'p', '', 1),
(738, 16, '2019-10-02', '10:00:00', '20:00:00', 'p', '', 1),
(739, 17, '2019-10-02', '11:01:00', '20:20:00', 'p', '', 1),
(740, 19, '2019-10-02', '11:40:00', '20:20:00', 'p', '', 1),
(741, 20, '2019-10-02', '09:50:00', '19:00:00', 'p', '', 1),
(742, 22, '2019-10-02', NULL, NULL, 'a', '', 1),
(743, 24, '2019-10-02', '03:00:00', '20:00:00', 'p', '', 1),
(744, 25, '2019-10-02', '11:45:00', '19:00:00', 'l', '', 1),
(745, 26, '2019-10-02', '11:07:00', '19:00:00', 'p', '', 1),
(746, 1, '2019-10-03', '10:30:00', '20:30:00', 'p', '', 1),
(747, 2, '2019-10-03', '00:20:00', '19:30:00', 'l', '', 1),
(748, 4, '2019-10-03', '12:00:00', '20:00:00', 'l', '', 1),
(749, 8, '2019-10-03', NULL, NULL, 'cl', '', 1),
(750, 10, '2019-10-03', '11:00:00', '18:00:00', 'p', '', 1),
(751, 11, '2019-10-03', '16:00:00', '20:00:00', 'l', '', 1),
(752, 12, '2019-10-03', '11:30:00', '20:20:00', 'l', '', 1),
(753, 13, '2019-10-03', '10:00:00', '20:00:00', 'p', '', 1),
(754, 14, '2019-10-03', '10:00:00', '19:50:00', 'p', '', 1),
(755, 15, '2019-10-03', NULL, NULL, 'cl', '', 1),
(756, 16, '2019-10-03', '11:00:00', '20:00:00', 'p', '', 1),
(757, 17, '2019-10-03', '11:25:00', '19:50:00', 'l', '', 1),
(758, 19, '2019-10-03', '10:30:00', '20:52:00', 'p', '', 1),
(759, 20, '2019-10-03', '09:50:00', '06:30:00', 'p', '', 1),
(760, 22, '2019-10-03', NULL, NULL, 'a', '', 1),
(761, 24, '2019-10-03', '15:00:00', '20:10:00', 'p', '', 1),
(762, 25, '2019-10-03', '13:00:00', '20:00:00', 'p', '', 1),
(763, 26, '2019-10-03', '11:00:00', '19:10:00', 'p', '', 1),
(764, 27, '2019-10-03', '11:00:00', '20:00:00', 'p', '', 1),
(765, 12, '2019-10-05', '11:00:00', '20:00:00', 'p', '  ok', 1),
(766, 1, '2019-10-05', '11:00:00', '20:00:00', 'p', '  ok', 1),
(767, 1, '2019-10-06', NULL, NULL, 'a', '', 1),
(768, 2, '2019-10-06', '11:15:00', '19:20:00', 'p', '', 1),
(769, 4, '2019-10-06', NULL, NULL, 'a', '', 1),
(770, 8, '2019-10-06', NULL, NULL, 'cl', '', 1),
(771, 10, '2019-10-06', NULL, NULL, 'a', '', 1),
(772, 11, '2019-10-06', NULL, NULL, 'a', '', 1),
(773, 12, '2019-10-06', '11:30:00', '19:58:00', 'l', '', 1),
(774, 13, '2019-10-06', '10:00:00', '19:00:00', 'p', '', 1),
(775, 14, '2019-10-06', '11:27:00', '19:50:00', 'l', '', 1),
(776, 15, '2019-10-06', '11:01:00', '19:00:00', 'p', '', 1),
(777, 16, '2019-10-06', '10:00:00', '20:00:00', 'p', '', 1),
(778, 17, '2019-10-06', '11:40:00', '19:20:00', 'l', '', 1),
(779, 19, '2019-10-06', '12:20:00', '20:00:00', 'p', '', 1),
(780, 20, '2019-10-06', '10:00:00', '19:00:00', 'p', '', 1),
(781, 22, '2019-10-06', NULL, NULL, 'a', '', 1),
(782, 24, '2019-10-06', '14:30:00', '19:50:00', 'p', '', 1),
(783, 25, '2019-10-06', '11:24:00', '07:20:00', 'l', '', 1),
(784, 26, '2019-10-06', '10:30:00', '19:00:00', 'p', '', 1),
(785, 27, '2019-10-06', NULL, NULL, 'a', '', 1),
(786, 1, '2019-10-07', '11:36:00', '20:50:00', 'l', '', 1),
(787, 2, '2019-10-07', '11:00:00', '19:00:00', 'p', '', 1),
(788, 4, '2019-10-07', '11:50:00', '20:00:00', 'l', '', 1),
(789, 8, '2019-10-07', '11:36:00', '19:00:00', 'l', '', 1),
(790, 10, '2019-10-07', NULL, NULL, 'a', '', 1),
(791, 11, '2019-10-07', NULL, NULL, 'a', '', 1),
(792, 12, '2019-10-07', '12:40:00', '20:40:00', 'l', '', 1),
(793, 13, '2019-10-07', '10:00:00', '20:00:00', 'p', '', 1),
(794, 14, '2019-10-07', '11:00:00', '19:50:00', 'p', '', 1),
(795, 15, '2019-10-07', '11:36:00', '19:20:00', 'l', '', 1),
(796, 16, '2019-10-07', '10:00:00', '19:00:00', 'p', '', 1),
(797, 17, '2019-10-07', NULL, NULL, 'sl', '', 1),
(798, 19, '2019-10-07', '11:36:00', '20:50:00', 'p', '', 1),
(799, 20, '2019-10-07', '09:50:00', '18:08:00', 'p', '', 1),
(800, 22, '2019-10-07', NULL, NULL, 'a', '', 1),
(801, 24, '2019-10-07', '14:20:00', '20:30:00', 'p', '', 1),
(802, 25, '2019-10-07', '11:12:00', '20:00:00', 'p', '', 1),
(803, 26, '2019-10-07', '10:30:00', '19:00:00', 'p', '', 1),
(804, 27, '2019-10-07', NULL, NULL, 'a', '', 1),
(805, 1, '2019-10-09', '12:01:00', '20:30:00', 'l', '', 1),
(806, 2, '2019-10-09', '12:22:00', '19:10:00', 'l', '', 1),
(807, 4, '2019-10-09', '12:20:00', '20:10:00', 'l', '', 1),
(808, 8, '2019-10-09', '12:01:00', '20:20:00', 'l', '', 1),
(809, 11, '2019-10-09', '14:03:00', '19:50:00', 'p', '', 1),
(810, 12, '2019-10-09', '23:50:00', '20:30:00', 'l', '', 1),
(811, 13, '2019-10-09', '10:20:00', '20:02:00', 'p', '', 1),
(812, 14, '2019-10-09', NULL, NULL, 'cl', '', 1),
(813, 15, '2019-10-09', '11:49:00', '19:00:00', 'l', '', 1),
(814, 16, '2019-10-09', '10:00:00', '19:50:00', 'p', '', 1),
(815, 17, '2019-10-09', '11:24:00', '19:30:00', 'l', '', 1),
(816, 19, '2019-10-09', '12:01:00', '20:20:00', 'p', '', 1),
(817, 20, '2019-10-09', '10:00:00', '19:02:00', 'p', '', 1),
(818, 22, '2019-10-09', NULL, NULL, 'a', '', 1),
(819, 24, '2019-10-09', '14:30:00', '20:00:00', 'p', '', 1),
(820, 25, '2019-10-09', NULL, NULL, 'a', '', 1),
(821, 26, '2019-10-09', NULL, NULL, 'a', '', 1),
(822, 1, '2019-10-10', '11:40:00', '20:50:00', 'l', '', 1),
(823, 2, '2019-10-10', '11:15:00', '19:00:00', 'p', '', 1),
(824, 4, '2019-10-10', '12:00:00', '20:30:00', 'l', '', 1),
(825, 8, '2019-10-10', '11:40:00', '19:50:00', 'l', '', 1),
(826, 11, '2019-10-10', '14:00:00', '19:00:00', 'p', '', 1),
(827, 12, '2019-10-10', '11:45:00', '20:50:00', 'l', '', 1),
(828, 13, '2019-10-10', '10:20:00', '19:50:00', 'p', '', 1),
(829, 14, '2019-10-10', NULL, NULL, 'cl', '', 1),
(830, 15, '2019-10-10', NULL, NULL, 'cl', '', 1),
(831, 16, '2019-10-10', '10:00:00', '18:00:00', 'p', '', 1),
(832, 17, '2019-10-10', '11:00:00', '19:44:00', 'p', '', 1),
(833, 19, '2019-10-10', '11:40:00', '20:25:00', 'p', '', 1),
(834, 20, '2019-10-10', '10:00:00', '19:00:00', 'p', '', 1),
(835, 22, '2019-10-10', NULL, NULL, 'a', '', 1),
(836, 24, '2019-10-10', '15:00:00', '20:00:00', 'p', '', 1),
(837, 25, '2019-10-10', NULL, NULL, 'a', '', 1),
(838, 26, '2019-10-10', NULL, NULL, 'a', '', 1),
(839, 1, '2019-10-12', '13:02:00', '19:00:00', 'hd', '  ', 1),
(840, 12, '2019-10-12', '13:02:00', '19:00:00', 'hd', '  ', 1),
(841, 1, '2019-10-13', '11:40:00', '20:20:00', 'l', '', 1),
(842, 2, '2019-10-13', '11:30:00', '19:50:00', 'l', '', 1),
(843, 4, '2019-10-13', '11:15:00', '20:02:00', 'p', '', 1),
(844, 8, '2019-10-13', '10:50:00', '19:40:00', 'p', '', 1),
(845, 11, '2019-10-13', NULL, NULL, 'a', '', 1),
(846, 12, '2019-10-13', '12:30:00', '20:50:00', 'l', '', 1),
(847, 13, '2019-10-13', '10:00:00', '20:00:00', 'p', '', 1),
(848, 14, '2019-10-13', '11:00:00', '19:50:00', 'p', '', 1),
(849, 15, '2019-10-13', '11:30:00', '19:00:00', 'l', '', 1),
(850, 16, '2019-10-13', NULL, NULL, 'cl', '', 1),
(851, 17, '2019-10-13', '11:00:00', '19:50:00', 'p', '', 1),
(852, 19, '2019-10-13', '10:50:00', '20:40:00', 'p', '', 1),
(853, 20, '2019-10-13', '09:00:00', '19:40:00', 'p', '', 1),
(854, 22, '2019-10-13', NULL, NULL, 'a', '', 1),
(855, 24, '2019-10-13', '14:30:00', '20:00:00', 'p', '', 1),
(856, 25, '2019-10-13', '12:00:00', '19:50:00', 'l', '', 1),
(857, 26, '2019-10-13', NULL, NULL, 'a', '', 1),
(858, 1, '2019-10-14', '11:00:00', '20:20:00', 'p', '', 1),
(859, 2, '2019-10-14', '11:00:00', '19:40:00', 'p', '', 1),
(860, 4, '2019-10-14', '11:00:00', '20:00:00', 'p', '', 1),
(861, 8, '2019-10-14', '11:00:00', '20:00:00', 'p', '', 1),
(862, 11, '2019-10-14', NULL, NULL, 'a', '', 1),
(863, 12, '2019-10-14', '11:00:00', '20:00:00', 'p', '', 1),
(864, 13, '2019-10-14', '09:10:00', '20:00:00', 'p', '', 1),
(865, 14, '2019-10-14', '10:00:00', '20:00:00', 'p', '', 1),
(866, 15, '2019-10-14', '11:00:00', '19:00:00', 'p', '', 1),
(867, 16, '2019-10-14', '10:02:00', '20:00:00', 'p', '', 1),
(868, 17, '2019-10-14', '11:00:00', '20:00:00', 'p', '', 1),
(869, 19, '2019-10-14', '23:00:00', '20:00:00', 'p', '', 1),
(870, 20, '2019-10-14', '08:00:00', '19:06:00', 'p', '', 1),
(871, 22, '2019-10-14', '17:00:00', '19:40:00', 'p', '', 1),
(872, 24, '2019-10-14', '14:30:00', '20:00:00', 'p', '', 1),
(873, 25, '2019-10-14', '10:00:00', '19:50:00', 'p', '', 1),
(874, 26, '2019-10-14', NULL, NULL, 'a', '', 1),
(875, 1, '2019-10-15', '11:00:00', '20:30:00', 'p', '', 1),
(876, 2, '2019-10-15', '12:10:00', '19:20:00', 'l', '', 1),
(877, 4, '2019-10-15', NULL, NULL, 'a', '', 1),
(878, 8, '2019-10-15', '11:00:00', '19:50:00', 'p', '', 1),
(879, 11, '2019-10-15', '15:30:00', '19:30:00', 'l', '', 1),
(880, 12, '2019-10-15', '11:05:00', '20:20:00', 'p', '', 1),
(881, 13, '2019-10-15', '10:15:00', '19:50:00', 'p', '', 1);
INSERT INTO `emp_attendance` (`id`, `emp_id`, `at_date`, `c_in`, `c_out`, `status`, `notes`, `approved`) VALUES
(882, 14, '2019-10-15', '11:22:00', '19:50:00', 'l', '', 1),
(883, 15, '2019-10-15', '11:45:00', '19:00:00', 'l', '', 1),
(884, 16, '2019-10-15', '10:00:00', '20:00:00', 'p', '', 1),
(885, 17, '2019-10-15', '10:50:00', '19:50:00', 'p', '', 1),
(886, 19, '2019-10-15', '11:00:00', '20:00:00', 'p', '', 1),
(887, 20, '2019-10-15', '09:00:00', '19:00:00', 'p', '', 1),
(888, 22, '2019-10-15', NULL, NULL, 'a', '', 1),
(889, 24, '2019-10-15', '14:30:00', '20:02:00', 'p', '', 1),
(890, 25, '2019-10-15', '12:00:00', '19:50:00', 'l', '', 1),
(891, 28, '2019-10-15', '10:30:00', '19:00:00', 'p', '', 1),
(892, 1, '2019-10-16', '12:10:00', '19:40:00', 'l', '', 1),
(893, 2, '2019-10-16', '11:15:00', '19:50:00', 'p', '', 1),
(894, 4, '2019-10-16', '12:30:00', '19:50:00', 'l', '', 1),
(895, 8, '2019-10-16', '12:10:00', '19:00:00', 'l', '', 1),
(896, 11, '2019-10-16', NULL, NULL, 'a', '', 1),
(897, 12, '2019-10-16', '12:20:00', '20:20:00', 'l', '', 1),
(898, 13, '2019-10-16', '10:10:00', '20:01:00', 'p', '', 1),
(899, 14, '2019-10-16', '10:40:00', '19:50:00', 'p', '', 1),
(900, 15, '2019-10-16', NULL, NULL, 'a', '', 1),
(901, 16, '2019-10-16', '10:00:00', '19:20:00', 'p', '', 1),
(902, 17, '2019-10-16', '11:12:00', '19:55:00', 'p', '', 1),
(903, 19, '2019-10-16', '12:30:00', '20:00:00', 'p', '', 1),
(904, 20, '2019-10-16', '09:02:00', '19:00:00', 'p', '', 1),
(905, 22, '2019-10-16', NULL, NULL, 'a', '', 1),
(906, 24, '2019-10-16', '14:30:00', '20:00:00', 'p', '', 1),
(907, 25, '2019-10-16', '12:00:00', '19:50:00', 'l', '', 1),
(908, 28, '2019-10-16', '10:50:00', '19:20:00', 'p', '', 1),
(909, 1, '2019-10-17', '11:25:00', '20:00:00', 'l', '', 1),
(910, 2, '2019-10-17', '11:38:00', '19:00:00', 'l', '', 1),
(911, 4, '2019-10-17', '11:20:00', '20:00:00', 'l', '', 1),
(912, 8, '2019-10-17', '11:25:00', '19:50:00', 'l', '', 1),
(913, 11, '2019-10-17', '14:30:00', '19:00:00', 'p', '', 1),
(914, 12, '2019-10-17', '11:15:00', '19:00:00', 'p', '', 1),
(915, 13, '2019-10-17', '10:30:00', '19:30:00', 'p', '', 1),
(916, 14, '2019-10-17', '10:53:00', '19:30:00', 'p', '', 1),
(917, 15, '2019-10-17', NULL, NULL, 'cl', '', 1),
(918, 16, '2019-10-17', '10:00:00', '20:00:00', 'p', '', 1),
(919, 17, '2019-10-17', '10:40:00', '19:50:00', 'p', '', 1),
(920, 19, '2019-10-17', '11:25:00', '20:00:00', 'p', '', 1),
(921, 20, '2019-10-17', '09:50:00', '19:40:00', 'p', '', 1),
(922, 22, '2019-10-17', '16:30:00', '19:00:00', 'p', '', 1),
(923, 24, '2019-10-17', '14:30:00', '20:00:00', 'p', '', 1),
(924, 25, '2019-10-17', '10:40:00', '19:30:00', 'p', '', 1),
(925, 28, '2019-10-17', '10:30:00', '19:20:00', 'p', '', 1),
(926, 1, '2019-10-20', '11:15:00', '20:00:00', 'p', '', 1),
(927, 2, '2019-10-20', NULL, NULL, 'sl', '', 1),
(928, 4, '2019-10-20', '11:55:00', '20:00:00', 'l', '', 1),
(929, 8, '2019-10-20', '11:15:00', '19:05:00', 'p', '', 1),
(930, 11, '2019-10-20', NULL, NULL, 'a', '', 1),
(931, 12, '2019-10-20', '11:19:00', '20:02:00', 'l', '', 1),
(932, 13, '2019-10-20', '10:20:00', '19:50:00', 'p', '', 1),
(933, 14, '2019-10-20', '11:40:00', '19:50:00', 'l', '', 1),
(934, 15, '2019-10-20', '12:00:00', '19:00:00', 'l', '', 1),
(935, 16, '2019-10-20', '10:01:00', '19:00:00', 'p', '', 1),
(936, 17, '2019-10-20', '11:55:00', '19:40:00', 'l', '', 1),
(937, 19, '2019-10-20', '11:15:00', '20:00:00', 'p', '', 1),
(938, 20, '2019-10-20', '09:50:00', '19:00:00', 'p', '', 1),
(939, 22, '2019-10-20', NULL, NULL, 'a', '', 1),
(940, 24, '2019-10-20', '15:00:00', '20:00:00', 'p', '', 1),
(941, 25, '2019-10-20', '12:48:00', '19:30:00', 'l', '', 1),
(942, 28, '2019-10-20', '10:40:00', '19:00:00', 'p', '', 1),
(943, 1, '2019-10-22', '11:00:00', '20:02:00', 'p', '', 1),
(944, 2, '2019-10-22', '11:55:00', '19:20:00', 'l', '', 1),
(945, 4, '2019-10-22', '12:10:00', '19:50:00', 'l', '', 1),
(946, 8, '2019-10-22', '11:00:00', '19:40:00', 'p', '', 1),
(947, 11, '2019-10-22', '14:30:00', '19:00:00', 'p', '', 1),
(948, 12, '2019-10-22', NULL, NULL, 'a', '', 1),
(949, 13, '2019-10-22', '08:10:00', '19:40:00', 'p', '', 1),
(950, 14, '2019-10-22', '08:10:00', '19:40:00', 'p', '', 1),
(951, 15, '2019-10-22', NULL, NULL, 'a', '', 1),
(952, 16, '2019-10-22', '10:02:00', '19:00:00', 'p', '', 1),
(953, 17, '2019-10-22', '11:56:00', '19:50:00', 'l', '', 1),
(954, 19, '2019-10-22', '11:10:00', '20:02:00', 'p', '', 1),
(955, 20, '2019-10-22', '08:30:00', '19:00:00', 'p', '', 1),
(956, 22, '2019-10-22', NULL, NULL, 'a', '', 1),
(957, 24, '2019-10-22', '15:10:00', '19:50:00', 'p', '', 1),
(958, 25, '2019-10-22', '11:00:00', '19:00:00', 'p', '', 1),
(959, 28, '2019-10-22', NULL, NULL, 'a', '', 1),
(960, 1, '2019-10-23', '11:25:00', '20:00:00', 'l', '', 1),
(961, 2, '2019-10-23', '11:25:00', '19:00:00', 'l', '', 1),
(962, 4, '2019-10-23', '12:10:00', '19:50:00', 'l', '', 1),
(963, 8, '2019-10-23', '11:25:00', '19:20:00', 'l', '', 1),
(964, 11, '2019-10-23', NULL, NULL, 'a', '', 1),
(965, 12, '2019-10-23', '11:25:00', '20:20:00', 'l', '', 1),
(966, 13, '2019-10-23', '10:00:00', '20:00:00', 'p', '', 1),
(967, 14, '2019-10-23', '11:00:00', '19:50:00', 'p', '', 1),
(968, 15, '2019-10-23', '23:20:00', '19:00:00', 'l', '', 1),
(969, 16, '2019-10-23', '10:00:00', '19:00:00', 'p', '', 1),
(970, 17, '2019-10-23', '10:47:00', '20:00:00', 'p', '', 1),
(971, 19, '2019-10-23', '11:25:00', '20:00:00', 'l', '', 1),
(972, 20, '2019-10-23', '10:00:00', '19:00:00', 'p', '', 1),
(973, 22, '2019-10-23', NULL, NULL, 'a', '', 1),
(974, 24, '2019-10-23', '16:00:00', '19:50:00', 'p', '', 1),
(975, 25, '2019-10-23', NULL, NULL, 'a', '', 1),
(976, 28, '2019-10-23', NULL, NULL, 'a', '', 1),
(977, 1, '2019-10-24', '11:00:00', '20:00:00', 'p', '', 1),
(978, 2, '2019-10-24', '11:13:00', '19:00:00', 'p', '', 1),
(979, 4, '2019-10-24', '12:10:00', '19:50:00', 'l', '', 1),
(980, 8, '2019-10-24', '11:11:00', '19:20:00', 'p', '', 1),
(981, 11, '2019-10-24', '14:30:00', '19:00:00', 'p', '', 1),
(982, 12, '2019-10-24', '11:15:00', '20:20:00', 'p', '', 1),
(983, 13, '2019-10-24', '10:00:00', '20:00:00', 'p', '', 1),
(984, 14, '2019-10-24', '11:00:00', '19:50:00', 'p', '', 1),
(985, 15, '2019-10-24', NULL, NULL, 'cl', '', 1),
(986, 16, '2019-10-24', '10:00:00', '19:00:00', 'p', '', 1),
(987, 17, '2019-10-24', '10:47:00', '20:00:00', 'p', '', 1),
(988, 19, '2019-10-24', '11:10:00', '20:00:00', 'p', '', 1),
(989, 20, '2019-10-24', '10:00:00', '19:00:00', 'p', '', 1),
(990, 22, '2019-10-24', '14:00:00', '19:00:00', 'p', '', 1),
(991, 24, '2019-10-24', '16:00:00', '16:50:00', 'p', '', 1),
(992, 25, '2019-10-24', '10:00:00', '20:00:00', 'p', '', 1),
(993, 28, '2019-10-24', '23:00:00', '19:50:00', 'p', '', 1),
(994, 1, '2019-10-27', '11:30:00', '20:00:00', 'l', '', 1),
(995, 2, '2019-10-27', '11:00:00', '19:30:00', 'p', '', 1),
(996, 4, '2019-10-27', NULL, NULL, 'sl', '', 1),
(997, 8, '2019-10-27', '11:30:00', '19:50:00', 'l', '', 1),
(998, 11, '2019-10-27', '14:10:00', '19:20:00', 'p', '', 1),
(999, 12, '2019-10-27', '11:40:00', '20:00:00', 'l', '', 1),
(1000, 13, '2019-10-27', '22:00:00', '19:40:00', 'p', '', 1),
(1001, 14, '2019-10-27', '10:50:00', '19:40:00', 'p', '', 1),
(1002, 15, '2019-10-27', '11:45:00', '19:20:00', 'l', '', 1),
(1003, 16, '2019-10-27', '10:00:00', '19:00:00', 'p', '', 1),
(1004, 17, '2019-10-27', '10:47:00', '19:40:00', 'p', '', 1),
(1005, 19, '2019-10-27', '11:30:00', '20:00:00', 'p', '', 1),
(1006, 20, '2019-10-27', '10:00:00', '18:00:00', 'p', '', 1),
(1007, 22, '2019-10-27', NULL, NULL, 'a', '', 1),
(1008, 24, '2019-10-27', '13:30:00', '20:00:00', 'p', '', 1),
(1009, 25, '2019-10-27', '12:48:00', '19:50:00', 'l', '', 1),
(1010, 28, '2019-10-27', NULL, NULL, 'a', '', 1),
(1011, 1, '2019-10-28', '11:15:00', '20:00:00', 'p', '', 1),
(1012, 2, '2019-10-28', '11:08:00', '19:40:00', 'p', '', 1),
(1013, 4, '2019-10-28', '12:20:00', '20:30:00', 'l', '', 1),
(1014, 8, '2019-10-28', '11:15:00', '19:40:00', 'p', '', 1),
(1015, 11, '2019-10-28', NULL, NULL, 'a', '', 1),
(1016, 12, '2019-10-28', '11:40:00', '20:30:00', 'l', '', 1),
(1017, 13, '2019-10-28', '22:30:00', '20:20:00', 'p', '', 1),
(1018, 14, '2019-10-28', '11:05:00', '19:50:00', 'p', '', 1),
(1019, 15, '2019-10-28', '11:38:00', '19:00:00', 'l', '', 1),
(1020, 16, '2019-10-28', '10:00:00', '19:00:00', 'p', '', 1),
(1021, 17, '2019-10-28', '11:00:00', '19:50:00', 'p', '', 1),
(1022, 19, '2019-10-28', '11:05:00', '20:00:00', 'l', '', 1),
(1023, 20, '2019-10-28', '10:00:00', '18:20:00', 'p', '', 1),
(1024, 22, '2019-10-28', NULL, NULL, 'a', '', 1),
(1025, 24, '2019-10-28', '14:00:00', '18:40:00', 'p', '', 1),
(1026, 25, '2019-10-28', '11:00:00', '19:00:00', 'p', '', 1),
(1027, 28, '2019-10-28', NULL, NULL, 'a', '', 1),
(1028, 1, '2019-10-29', '12:02:00', '20:00:00', 'l', '', 1),
(1029, 2, '2019-10-29', '11:30:00', '19:40:00', 'l', '', 1),
(1030, 4, '2019-10-29', '12:00:00', '20:00:00', 'l', '', 1),
(1031, 8, '2019-10-29', '12:02:00', '19:40:00', 'l', '', 1),
(1032, 11, '2019-10-29', '14:20:00', '19:30:00', 'l', '', 1),
(1033, 12, '2019-10-29', '11:00:00', '20:00:00', 'p', '', 1),
(1034, 13, '2019-10-29', '10:20:00', '19:50:00', 'p', '', 1),
(1035, 14, '2019-10-29', '10:50:00', '19:50:00', 'p', '', 1),
(1036, 15, '2019-10-29', NULL, NULL, 'a', '', 1),
(1037, 16, '2019-10-29', '10:00:00', '19:50:00', 'p', '', 1),
(1038, 17, '2019-10-29', '11:03:00', '19:50:00', 'p', '', 1),
(1039, 19, '2019-10-29', '12:00:00', '20:02:00', 'p', '', 1),
(1040, 20, '2019-10-29', '01:00:00', '18:50:00', 'p', '', 1),
(1041, 22, '2019-10-29', NULL, NULL, 'a', '', 1),
(1042, 24, '2019-10-29', '14:20:00', '19:40:00', 'p', '', 1),
(1043, 25, '2019-10-29', '11:36:00', '19:20:00', 'l', '', 1),
(1044, 28, '2019-10-29', NULL, NULL, 'a', '', 1),
(1045, 29, '2019-10-29', NULL, NULL, 'a', '  ', 1),
(1046, 30, '2019-10-29', NULL, NULL, 'a', '  ', 1),
(1047, 31, '2019-10-29', '10:45:00', '19:00:00', 'p', '  ', 1),
(1048, 32, '2019-10-29', '11:45:00', '19:00:00', 'l', '  ', 1),
(1049, 1, '2019-10-30', '11:40:00', '20:00:00', 'l', '', 1),
(1050, 2, '2019-10-30', '11:11:00', '19:12:00', 'p', '', 1),
(1051, 4, '2019-10-30', '12:10:00', '19:50:00', 'l', '', 1),
(1052, 8, '2019-10-30', '11:40:00', '19:40:00', 'l', '', 1),
(1053, 11, '2019-10-30', NULL, NULL, 'a', '', 1),
(1054, 12, '2019-10-30', '12:10:00', '20:00:00', 'l', '', 1),
(1055, 13, '2019-10-30', '10:30:00', '19:50:00', 'p', '', 1),
(1056, 14, '2019-10-30', '11:25:00', '19:50:00', 'l', '', 1),
(1057, 15, '2019-10-30', '11:20:00', '19:07:00', 'l', '', 1),
(1058, 16, '2019-10-30', '10:00:00', '19:25:00', 'p', '', 1),
(1059, 17, '2019-10-30', '11:00:00', '19:50:00', 'p', '', 1),
(1060, 19, '2019-10-30', '11:40:00', '20:00:00', 'p', '', 1),
(1061, 20, '2019-10-30', '10:00:00', '18:02:00', 'p', '', 1),
(1062, 22, '2019-10-30', NULL, NULL, 'a', '', 1),
(1063, 24, '2019-10-30', '14:02:00', '19:20:00', 'p', '', 1),
(1064, 25, '2019-10-30', NULL, NULL, 'a', '', 1),
(1065, 29, '2019-10-30', '10:20:00', '19:44:00', 'p', '', 1),
(1066, 30, '2019-10-30', '10:20:00', '19:44:00', 'p', '', 1),
(1067, 31, '2019-10-30', '10:50:00', '19:00:00', 'p', '', 1),
(1068, 32, '2019-10-30', '11:20:00', '19:10:00', 'l', '', 1),
(1069, 29, '2019-10-20', '11:11:00', '19:20:00', 'p', '  ', 1),
(1070, 30, '2019-10-20', '10:30:00', '19:14:00', 'p', '  ', 1),
(1071, 29, '2019-10-20', '11:11:00', '19:20:00', 'p', '  ', 1),
(1072, 30, '2019-10-20', '10:30:00', '19:14:00', 'p', '  ', 1),
(1073, 29, '2019-10-21', '11:11:00', '19:20:00', 'p', '  ', 1),
(1074, 30, '2019-10-21', '10:30:00', '19:14:00', 'p', '  ', 1),
(1075, 29, '2019-10-27', '10:50:00', '19:14:00', 'p', '  ', 1),
(1076, 30, '2019-10-27', '10:30:00', '19:14:00', 'p', '  ', 1),
(1077, 31, '2019-10-27', '10:45:00', '19:00:00', 'p', '  ', 1),
(1078, 32, '2019-10-27', '11:00:00', '19:00:00', 'p', '  ', 1),
(1079, 29, '2019-10-22', NULL, NULL, 'a', '  ', 1),
(1080, 30, '2019-10-22', '10:30:00', '19:14:00', 'p', '  ', 1),
(1081, 29, '2019-10-22', NULL, NULL, 'a', '  ', 1),
(1082, 30, '2019-10-22', '10:30:00', '19:14:00', 'p', '  ', 1),
(1083, 29, '2019-10-23', '10:50:00', '19:14:00', 'p', '  ', 1),
(1084, 30, '2019-10-23', '10:30:00', '19:14:00', 'p', '  ', 1),
(1085, 29, '2019-10-24', '10:50:00', '19:14:00', 'p', '  ', 1),
(1086, 30, '2019-10-24', '10:30:00', '19:14:00', 'p', '  ', 1),
(1087, 32, '2019-10-24', '11:00:00', '19:00:00', 'p', '  ', 1),
(1088, 29, '2019-10-28', '10:50:00', '19:14:00', 'p', '  ', 1),
(1089, 30, '2019-10-28', '10:30:00', '19:14:00', 'p', '  ', 1),
(1090, 31, '2019-10-28', '10:45:00', '19:00:00', 'p', '  ', 1),
(1091, 32, '2019-10-28', '00:00:00', '19:00:00', 'l', '  ', 1),
(1092, 1, '2019-10-31', '12:10:00', '20:00:00', 'l', '', 1),
(1093, 2, '2019-10-31', '13:30:00', '19:50:00', 'l', '', 1),
(1094, 4, '2019-10-31', '12:00:00', '19:50:00', 'l', '', 1),
(1095, 8, '2019-10-31', '12:10:00', '19:50:00', 'l', '', 1),
(1096, 11, '2019-10-31', NULL, NULL, 'a', '', 1),
(1097, 12, '2019-10-31', NULL, NULL, 'cl', '', 1),
(1098, 13, '2019-10-31', '10:00:00', '19:50:00', 'p', '', 1),
(1099, 14, '2019-10-31', '10:50:00', '19:50:00', 'p', '', 1),
(1100, 15, '2019-10-31', NULL, NULL, 'cl', '', 1),
(1101, 16, '2019-10-31', '10:00:00', '19:40:00', 'p', '', 1),
(1102, 17, '2019-10-31', '10:40:00', '19:50:00', 'p', '', 1),
(1103, 19, '2019-10-31', '12:10:00', '20:00:00', 'p', '', 1),
(1104, 20, '2019-10-31', '10:00:00', '19:00:00', 'p', '', 1),
(1105, 22, '2019-10-31', NULL, NULL, 'a', '', 1),
(1106, 24, '2019-10-31', '15:20:00', '19:50:00', 'p', '', 1),
(1107, 25, '2019-10-31', '11:00:00', '19:00:00', 'p', '', 1),
(1108, 29, '2019-10-31', '11:15:00', '19:40:00', 'p', '', 1),
(1109, 30, '2019-10-31', '11:15:00', '19:40:00', 'p', '', 1),
(1110, 31, '2019-10-31', '10:40:00', '19:00:00', 'p', '', 1),
(1111, 32, '2019-10-31', NULL, NULL, 'a', '', 1),
(1112, 1, '2019-11-02', '12:00:00', '20:02:00', 'hd', '  ', 1),
(1113, 8, '2019-11-02', '12:00:00', '20:02:00', 'hd', '  ', 1),
(1114, 12, '2019-11-02', '12:00:00', '20:02:00', 'hd', '  ', 1),
(1115, 1, '2019-11-03', '11:24:00', '20:00:00', 'l', '', 1),
(1116, 2, '2019-11-03', '11:00:00', '19:10:00', 'p', '', 1),
(1117, 4, '2019-11-03', '12:11:00', '19:50:00', 'l', '', 1),
(1118, 8, '2019-11-03', '11:24:00', '19:50:00', 'l', '', 1),
(1119, 11, '2019-11-03', NULL, NULL, 'a', '', 1),
(1120, 12, '2019-11-03', '11:30:00', '20:00:00', 'l', '', 1),
(1121, 13, '2019-11-03', '10:30:00', '19:40:00', 'p', '', 1),
(1122, 14, '2019-11-03', '11:00:00', '19:40:00', 'p', '', 1),
(1123, 15, '2019-11-03', NULL, NULL, 'a', '', 1),
(1124, 16, '2019-11-03', '10:00:00', '07:00:00', 'p', '', 1),
(1125, 17, '2019-11-03', '11:00:00', '07:25:00', 'p', '', 1),
(1126, 19, '2019-11-03', '11:24:00', '20:00:00', 'p', '', 1),
(1127, 20, '2019-11-03', '09:50:00', '18:30:00', 'p', '', 1),
(1128, 22, '2019-11-03', NULL, NULL, 'a', '', 1),
(1129, 24, '2019-11-03', '15:00:00', '19:50:00', 'p', '', 1),
(1130, 25, '2019-11-03', '23:20:00', '19:20:00', 'l', '', 1),
(1131, 29, '2019-11-03', NULL, NULL, 'a', '', 1),
(1132, 30, '2019-11-03', NULL, NULL, 'a', '', 1),
(1133, 31, '2019-11-03', NULL, NULL, 'a', '', 1),
(1134, 32, '2019-11-03', NULL, NULL, 'a', '', 1),
(1135, 1, '2019-11-04', '11:15:00', '19:50:00', 'p', '', 1),
(1136, 2, '2019-11-04', NULL, NULL, 'cl', '', 1),
(1137, 4, '2019-11-04', '11:50:00', '19:50:00', 'l', '', 1),
(1138, 8, '2019-11-04', '11:15:00', '19:30:00', 'p', '', 1),
(1139, 11, '2019-11-04', NULL, NULL, 'a', '', 1),
(1140, 12, '2019-11-04', '11:15:00', '19:30:00', 'p', '', 1),
(1141, 13, '2019-11-04', '10:30:00', '19:30:00', 'p', '', 1),
(1142, 14, '2019-11-04', '10:30:00', '19:50:00', 'p', '', 1),
(1143, 15, '2019-11-04', NULL, NULL, 'a', '', 1),
(1144, 16, '2019-11-04', '10:00:00', '19:20:00', 'p', '', 1),
(1145, 17, '2019-11-04', NULL, NULL, 'a', '', 1),
(1146, 19, '2019-11-04', '11:15:00', '19:50:00', 'p', '', 1),
(1147, 20, '2019-11-04', '09:50:00', '18:30:00', 'p', '', 1),
(1148, 22, '2019-11-04', NULL, NULL, 'a', '', 1),
(1149, 24, '2019-11-04', '14:30:00', '19:50:00', 'p', '', 1),
(1150, 25, '2019-11-04', NULL, NULL, 'a', '', 1),
(1151, 29, '2019-11-04', NULL, NULL, 'a', '', 1),
(1152, 30, '2019-11-04', NULL, NULL, 'a', '', 1),
(1153, 31, '2019-11-04', NULL, NULL, 'a', '', 1),
(1154, 32, '2019-11-04', NULL, NULL, 'a', '', 1),
(1155, 1, '2019-11-05', '13:00:00', '20:00:00', 'l', '', 1),
(1156, 2, '2019-11-05', '11:44:00', '19:50:00', 'l', '', 1),
(1157, 4, '2019-11-05', '12:02:00', '19:50:00', 'l', '', 1),
(1158, 8, '2019-11-05', '11:19:00', '19:20:00', 'l', '', 1),
(1159, 11, '2019-11-05', NULL, NULL, 'a', '', 1),
(1160, 12, '2019-11-05', '11:00:00', '20:00:00', 'p', '', 1),
(1161, 13, '2019-11-05', '10:00:00', '20:00:00', 'p', '', 1),
(1162, 14, '2019-11-05', '11:30:00', '19:50:00', 'l', '', 1),
(1163, 16, '2019-11-05', '10:00:00', '20:00:00', 'p', '', 1),
(1164, 17, '2019-11-05', NULL, NULL, 'a', '', 1),
(1165, 19, '2019-11-05', '11:19:00', '20:00:00', 'p', '', 1),
(1166, 20, '2019-11-05', '09:50:00', '18:50:00', 'p', '', 1),
(1167, 22, '2019-11-05', NULL, NULL, 'a', '', 1),
(1168, 24, '2019-11-05', '15:30:00', '19:50:00', 'p', '', 1),
(1169, 25, '2019-11-05', '11:40:00', '19:30:00', 'l', '', 1),
(1170, 29, '2019-11-05', '12:00:00', '19:50:00', 'l', '', 1),
(1171, 30, '2019-11-05', '00:00:00', '19:50:00', 'l', '', 1),
(1172, 31, '2019-11-05', NULL, NULL, 'a', '', 1),
(1173, 2, '2019-11-06', '12:00:00', '19:50:00', 'l', '', 1),
(1174, 4, '2019-11-06', '11:40:00', '20:00:00', 'l', '', 1),
(1175, 8, '2019-11-06', '11:30:00', '19:20:00', 'l', '', 1),
(1176, 12, '2019-11-06', '11:40:00', '20:20:00', 'l', '', 1),
(1177, 25, '2019-11-06', '11:30:00', '19:20:00', 'l', '', 1),
(1178, 31, '2019-11-06', NULL, NULL, 'a', '', 1),
(1179, 14, '2019-11-06', NULL, NULL, 'cl', '', 1),
(1180, 1, '2019-11-06', '10:55:00', '20:00:00', 'p', '', 1),
(1181, 11, '2019-11-06', '14:00:00', '19:30:00', 'p', '  ok', 1),
(1182, 13, '2019-11-06', '10:00:00', '19:50:00', 'p', '', 1),
(1183, 16, '2019-11-06', '10:00:00', '20:00:00', 'p', '', 1),
(1184, 17, '2019-11-06', '10:30:00', '19:20:00', 'p', '', 1),
(1185, 19, '2019-11-06', '11:30:00', '19:56:00', 'p', '', 1),
(1186, 20, '2019-11-06', '09:30:00', '18:30:00', 'p', '', 1),
(1187, 24, '2019-11-06', '14:30:00', '19:30:00', 'p', '', 1),
(1188, 29, '2019-11-06', '10:30:00', '19:00:00', 'p', '', 1),
(1189, 30, '2019-11-06', '10:30:00', '19:00:00', 'p', '', 1),
(1190, 33, '2019-11-06', '11:00:00', '19:00:00', 'p', '', 1),
(1191, 2, '2019-11-07', '11:40:00', '19:30:00', 'l', '', 1),
(1192, 8, '2019-11-07', '11:22:00', '19:50:00', 'l', '', 1),
(1193, 12, '2019-11-07', '11:22:00', '20:00:00', 'l', '', 1),
(1194, 33, '2019-11-07', '13:00:00', '19:40:00', 'l', '', 1),
(1195, 4, '2019-11-07', '17:30:00', '20:00:00', 'ml', '', 1),
(1196, 31, '2019-11-07', NULL, NULL, 'a', '', 1),
(1197, 1, '2019-11-07', '10:40:00', '20:20:00', 'p', '', 1),
(1198, 11, '2019-11-07', '14:00:00', '19:20:00', 'p', '  ok', 1),
(1199, 13, '2019-11-07', '10:00:00', '19:50:00', 'p', '', 1),
(1200, 14, '2019-11-07', '10:30:00', '19:50:00', 'p', '', 1),
(1201, 16, '2019-11-07', '10:00:00', '19:50:00', 'p', '', 1),
(1202, 17, '2019-11-07', '10:30:00', '19:50:00', 'p', '', 1),
(1203, 19, '2019-11-07', '11:22:00', '20:20:00', 'p', '', 1),
(1204, 20, '2019-11-07', '09:50:00', '18:26:00', 'p', '', 1),
(1205, 22, '2019-11-07', '17:00:00', '19:20:00', 'p', '  ok', 1),
(1206, 24, '2019-11-07', '14:30:00', '19:20:00', 'p', '', 1),
(1207, 25, '2019-11-07', '10:50:00', '19:30:00', 'p', '', 1),
(1208, 29, '2019-11-07', '15:30:00', '20:00:00', 'hd', '', 1),
(1209, 30, '2019-11-07', '15:30:00', '20:00:00', 'hd', '', 1),
(1210, 1, '2019-11-09', '12:00:00', '19:00:00', 'p', '  ok', 1),
(1211, 8, '2019-11-09', '12:00:00', '19:00:00', 'hd', '  ok', 1),
(1212, 1, '2019-11-10', '12:00:00', '19:00:00', 'p', '  ok', 1),
(1213, 2, '2019-11-10', '12:00:00', '19:00:00', 'hd', '  ok', 1),
(1214, 8, '2019-11-10', '12:00:00', '19:00:00', 'p', '  ok', 1),
(1215, 14, '2019-11-10', '12:00:00', '19:00:00', 'p', '  ok', 1),
(1216, 2, '2019-11-11', '12:00:00', '19:00:00', 'l', '', 1),
(1217, 4, '2019-11-11', '11:40:00', '19:40:00', 'l', '', 1),
(1218, 12, '2019-11-11', '11:30:00', '20:00:00', 'l', '', 1),
(1219, 14, '2019-11-11', '11:30:00', '19:20:00', 'l', '', 1),
(1220, 25, '2019-11-11', '12:10:00', '19:20:00', 'l', '', 1),
(1221, 17, '2019-11-11', NULL, NULL, 'a', '', 1),
(1222, 33, '2019-11-11', NULL, NULL, 'a', '', 1),
(1223, 1, '2019-11-11', '11:12:00', '20:00:00', 'p', '', 1),
(1224, 8, '2019-11-11', '11:12:00', '19:30:00', 'p', '', 1),
(1225, 11, '2019-11-11', '14:00:00', '19:00:00', 'p', '  ok', 1),
(1226, 13, '2019-11-11', '10:40:00', '19:40:00', 'p', '', 1),
(1227, 16, '2019-11-11', '10:00:00', '19:00:00', 'p', '', 1),
(1228, 19, '2019-11-11', '11:12:00', '20:00:00', 'p', '', 1),
(1229, 20, '2019-11-11', '09:50:00', '18:30:00', 'p', '', 1),
(1230, 24, '2019-11-11', '15:00:00', '19:30:00', 'p', '', 1),
(1231, 29, '2019-11-11', '15:00:00', '19:50:00', 'p', '', 1),
(1232, 30, '2019-11-11', '15:00:00', '19:50:00', 'p', '', 1),
(1233, 31, '2019-11-11', '22:40:00', '19:00:00', 'p', '', 1),
(1234, 2, '2019-11-12', '00:15:00', '19:00:00', 'l', '', 1),
(1235, 12, '2019-11-12', '12:00:00', '20:00:00', 'l', '', 1),
(1236, 25, '2019-11-12', '11:33:00', '19:20:00', 'l', '', 1),
(1237, 4, '2019-11-12', NULL, NULL, 'a', '', 1),
(1238, 33, '2019-11-12', NULL, NULL, 'a', '', 1),
(1239, 1, '2019-11-12', '10:50:00', '20:00:00', 'p', '', 1),
(1240, 8, '2019-11-12', '10:50:00', '19:40:00', 'p', '', 1),
(1241, 13, '2019-11-12', '10:30:00', '19:50:00', 'p', '', 1),
(1242, 14, '2019-11-12', '11:10:00', '19:50:00', 'p', '', 1),
(1243, 16, '2019-11-12', '10:00:00', '20:00:00', 'p', '', 1),
(1244, 17, '2019-11-12', '11:00:00', '19:30:00', 'p', '', 1),
(1245, 19, '2019-11-12', '11:00:00', '20:00:00', 'p', '', 1),
(1246, 20, '2019-11-12', '10:01:00', '20:00:00', 'p', '', 1),
(1247, 24, '2019-11-12', '14:30:00', '19:50:00', 'p', '', 1),
(1248, 29, '2019-11-12', '15:00:00', '20:00:00', 'p', '', 1),
(1249, 30, '2019-11-12', '15:00:00', '20:00:00', 'p', '', 1),
(1250, 31, '2019-11-12', '10:30:00', '19:30:00', 'p', '', 1),
(1251, 25, '2019-11-13', '11:30:00', '19:00:00', 'l', '', 1),
(1252, 4, '2019-11-13', '16:20:00', '19:50:00', 'ml', '', 1),
(1253, 14, '2019-11-13', '16:20:00', '19:40:00', 'ml', '', 1),
(1254, 30, '2019-11-13', NULL, NULL, 'a', '', 1),
(1255, 33, '2019-11-13', NULL, NULL, 'a', '', 1),
(1256, 1, '2019-11-13', '11:00:00', '20:00:00', 'p', '', 1),
(1257, 2, '2019-11-13', '11:15:00', '19:00:00', 'p', '', 1),
(1258, 8, '2019-11-13', '11:00:00', '19:20:00', 'p', '', 1),
(1259, 11, '2019-11-13', '14:30:00', '19:00:00', 'p', '  ', 1),
(1260, 12, '2019-11-13', '11:00:00', '17:00:00', 'p', '', 1),
(1261, 13, '2019-11-13', '10:20:00', '19:00:00', 'p', '', 1),
(1262, 16, '2019-11-13', '10:00:00', '19:00:00', 'p', '', 1),
(1263, 17, '2019-11-13', '10:30:00', '19:20:00', 'p', '', 1),
(1264, 19, '2019-11-13', '11:00:00', '19:50:00', 'p', '', 1),
(1265, 20, '2019-11-13', '09:50:00', '19:00:00', 'p', '', 1),
(1266, 24, '2019-11-13', '15:00:00', '19:30:00', 'p', '', 1),
(1267, 29, '2019-11-13', '15:00:00', '19:30:00', 'p', '', 1),
(1268, 31, '2019-11-13', '10:30:00', '19:00:00', 'p', '', 1),
(1269, 1, '2019-11-14', '11:30:00', '20:02:00', 'l', '', 1),
(1270, 2, '2019-11-14', '12:00:00', '19:40:00', 'l', '', 1),
(1271, 4, '2019-11-14', '12:07:00', '19:50:00', 'l', '', 1),
(1272, 8, '2019-11-14', '11:30:00', '19:50:00', 'l', '', 1),
(1273, 12, '2019-11-14', '23:40:00', '19:40:00', 'l', '', 1),
(1274, 14, '2019-11-14', '11:30:00', '19:40:00', 'l', '', 1),
(1275, 25, '2019-11-14', NULL, NULL, 'a', '', 1),
(1276, 29, '2019-11-14', NULL, NULL, 'a', '', 1),
(1277, 33, '2019-11-14', NULL, NULL, 'a', '', 1),
(1278, 24, '2019-11-14', NULL, NULL, 'sl', '', 1),
(1279, 13, '2019-11-14', '10:00:00', '19:50:00', 'p', '', 1),
(1280, 16, '2019-11-14', '10:00:00', '19:00:00', 'p', '', 1),
(1281, 17, '2019-11-14', '11:00:00', '19:52:00', 'p', '', 1),
(1282, 19, '2019-11-14', '11:30:00', '19:50:00', 'p', '', 1),
(1283, 20, '2019-11-14', '10:02:00', '18:50:00', 'p', '', 1),
(1284, 22, '2019-11-14', '15:00:00', '19:20:00', 'p', '  ', 1),
(1285, 30, '2019-11-14', '15:00:00', '20:00:00', 'p', '', 1),
(1286, 31, '2019-11-14', '10:31:00', '19:40:00', 'p', '', 1),
(1287, 1, '2019-11-17', '11:34:00', '20:00:00', 'l', '', 1),
(1288, 4, '2019-11-17', '11:34:00', '19:50:00', 'l', '', 1),
(1289, 8, '2019-11-17', '11:34:00', '19:30:00', 'l', '', 1),
(1290, 12, '2019-11-17', '12:00:00', '20:00:00', 'l', '', 1),
(1291, 17, '2019-11-17', '11:40:00', '19:40:00', 'l', '', 1),
(1292, 25, '2019-11-17', '12:21:00', '19:40:00', 'l', '', 1),
(1293, 33, '2019-11-17', NULL, NULL, 'a', '', 1),
(1294, 2, '2019-11-17', '11:10:00', '18:54:00', 'p', '', 1),
(1295, 13, '2019-11-17', '10:20:00', '19:50:00', 'p', '', 1),
(1296, 14, '2019-11-17', '11:00:00', '19:50:00', 'p', '', 1),
(1297, 16, '2019-11-17', '10:00:00', '19:00:00', 'hd', '', 1),
(1298, 19, '2019-11-17', '11:34:00', '20:00:00', 'p', '', 1),
(1299, 20, '2019-11-17', '09:50:00', '19:00:00', 'p', '', 1),
(1300, 24, '2019-11-17', '14:30:00', '19:30:00', 'p', '', 1),
(1301, 29, '2019-11-17', '15:00:00', '18:50:00', 'p', '', 1),
(1302, 30, '2019-11-17', '15:00:00', '18:30:00', 'p', '', 1),
(1303, 31, '2019-11-17', '10:30:00', '19:20:00', 'p', '', 1),
(1304, 1, '2019-11-18', '11:40:00', '20:00:00', 'l', '', 1),
(1305, 2, '2019-11-18', '11:45:00', '19:20:00', 'l', '', 1),
(1306, 4, '2019-11-18', '13:30:00', '20:00:00', 'l', '', 1),
(1307, 8, '2019-11-18', '11:40:00', '19:40:00', 'l', '', 1),
(1308, 17, '2019-11-18', '11:30:00', '19:50:00', 'l', '', 1),
(1309, 25, '2019-11-18', '11:50:00', '19:40:00', 'l', '', 1),
(1310, 29, '2019-11-18', NULL, NULL, 'p', '', 1),
(1311, 33, '2019-11-18', NULL, NULL, 'a', '', 1),
(1312, 12, '2019-11-18', '11:00:00', '19:50:00', 'p', '', 1),
(1313, 13, '2019-11-18', '22:02:00', '19:50:00', 'p', '', 1),
(1314, 14, '2019-11-18', '11:15:00', '19:50:00', 'p', '', 1),
(1315, 16, '2019-11-18', '10:01:00', '19:50:00', 'p', '', 1),
(1316, 19, '2019-11-18', '11:40:00', '19:50:00', 'p', '', 1),
(1317, 20, '2019-11-18', '10:00:00', '19:00:00', 'p', '', 1),
(1318, 24, '2019-11-18', '15:00:00', '20:00:00', 'p', '', 1),
(1319, 30, '2019-11-18', '15:00:00', '19:40:00', 'p', '', 1),
(1320, 31, '2019-11-18', '10:00:00', '19:00:00', 'p', '', 1),
(1321, 1, '2019-11-19', '13:50:00', '20:07:00', 'l', '', 1),
(1322, 2, '2019-11-19', '12:00:00', '19:20:00', 'l', '', 1),
(1323, 4, '2019-11-19', '13:52:00', '19:50:00', 'l', '', 1),
(1324, 8, '2019-11-19', '11:30:00', '19:30:00', 'l', '', 1),
(1325, 33, '2019-11-19', '12:30:00', '19:00:00', 'l', '', 1),
(1326, 24, '2019-11-19', NULL, NULL, 'a', '', 1),
(1327, 12, '2019-11-19', '10:00:00', '20:00:00', 'p', '', 1),
(1328, 13, '2019-11-19', '06:00:00', '19:00:00', 'p', '', 1),
(1329, 14, '2019-11-19', '06:00:00', '07:00:00', 'p', '', 1),
(1330, 16, '2019-11-19', '10:00:00', '20:00:00', 'p', '', 1),
(1331, 17, '2019-11-19', '11:02:00', '19:50:00', 'p', '', 1),
(1332, 19, '2019-11-19', '11:00:00', '19:50:00', 'p', '', 1),
(1333, 20, '2019-11-19', '10:00:00', '19:00:00', 'p', '', 1),
(1334, 25, '2019-11-19', '06:00:00', '19:00:00', 'p', '', 1),
(1335, 29, '2019-11-19', '01:20:00', '19:00:00', 'p', '', 1),
(1336, 30, '2019-11-19', '13:20:00', '19:00:00', 'p', '', 1),
(1337, 31, '2019-11-19', '11:00:00', '19:00:00', 'p', '', 1),
(1338, 1, '2019-11-20', '23:20:00', '20:07:00', 'l', '', 1),
(1339, 2, '2019-11-20', '23:35:00', '19:20:00', 'l', '', 1),
(1340, 4, '2019-11-20', '23:50:00', '19:50:00', 'l', '', 1),
(1341, 8, '2019-11-20', '11:20:00', '19:30:00', 'l', '', 1),
(1342, 17, '2019-11-20', '12:30:00', '19:50:00', 'l', '', 1),
(1343, 33, '2019-11-20', NULL, NULL, 'a', '', 1),
(1344, 12, '2019-11-20', '11:00:00', '20:00:00', 'p', '', 1),
(1345, 13, '2019-11-20', '06:00:00', '19:00:00', 'p', '', 1),
(1346, 14, '2019-11-20', '06:00:00', '07:00:00', 'p', '', 1),
(1347, 16, '2019-11-20', '10:00:00', '20:00:00', 'p', '', 1),
(1348, 19, '2019-11-20', '11:00:00', '19:50:00', 'p', '', 1),
(1349, 20, '2019-11-20', '10:00:00', '19:00:00', 'p', '', 1),
(1350, 24, '2019-11-20', '14:55:00', '20:00:00', 'p', '', 1),
(1351, 25, '2019-11-20', '06:00:00', '19:00:00', 'p', '', 1),
(1352, 29, '2019-11-20', '02:20:00', '19:00:00', 'p', '', 1),
(1353, 30, '2019-11-20', '14:20:00', '19:00:00', 'p', '', 1),
(1354, 31, '2019-11-20', '10:50:00', '19:00:00', 'p', '', 1),
(1355, 2, '2019-11-21', '12:10:00', '19:20:00', 'l', '', 1),
(1356, 4, '2019-11-21', '23:50:00', '19:50:00', 'l', '', 1),
(1357, 29, '2019-11-21', NULL, NULL, 'a', '', 1),
(1358, 30, '2019-11-21', NULL, NULL, 'a', '', 1),
(1359, 33, '2019-11-21', NULL, NULL, 'a', '', 1),
(1360, 1, '2019-11-21', '22:20:00', '20:07:00', 'p', '', 1),
(1361, 8, '2019-11-21', '10:20:00', '19:30:00', 'p', '', 1),
(1362, 12, '2019-11-21', '10:00:00', '20:00:00', 'p', '', 1),
(1363, 13, '2019-11-21', '06:00:00', '19:00:00', 'p', '', 1),
(1364, 14, '2019-11-21', '06:00:00', '07:00:00', 'p', '', 1),
(1365, 16, '2019-11-21', '10:00:00', '20:00:00', 'p', '', 1),
(1366, 17, '2019-11-21', '23:02:00', '19:50:00', 'p', '', 1),
(1367, 19, '2019-11-21', '11:00:00', '19:50:00', 'p', '', 1),
(1368, 20, '2019-11-21', '10:00:00', '19:00:00', 'p', '', 1),
(1369, 24, '2019-11-21', '22:55:00', '18:00:00', 'p', '', 1),
(1370, 25, '2019-11-21', '06:00:00', '19:00:00', 'p', '', 1),
(1371, 31, '2019-11-21', '10:50:00', '19:00:00', 'p', '', 1),
(1372, 1, '2019-11-24', '23:30:00', '20:07:00', 'l', '', 1),
(1373, 2, '2019-11-24', '12:18:00', '19:20:00', 'l', '', 1),
(1374, 8, '2019-11-24', '11:30:00', '19:30:00', 'l', '', 1),
(1375, 12, '2019-11-24', '12:20:00', '20:00:00', 'l', '', 1),
(1376, 17, '2019-11-24', NULL, NULL, 'a', '', 1),
(1377, 25, '2019-11-24', NULL, NULL, 'a', '', 1),
(1378, 29, '2019-11-24', NULL, NULL, 'a', '', 1),
(1379, 30, '2019-11-24', NULL, NULL, 'a', '', 1),
(1380, 4, '2019-11-24', '22:50:00', '19:50:00', 'p', '', 1),
(1381, 13, '2019-11-24', '06:00:00', '19:00:00', 'p', '', 1),
(1382, 14, '2019-11-24', '06:00:00', '07:00:00', 'p', '', 1),
(1383, 16, '2019-11-24', '10:00:00', '20:00:00', 'p', '', 1),
(1384, 19, '2019-11-24', '11:00:00', '19:50:00', 'p', '', 1),
(1385, 20, '2019-11-24', '10:00:00', '19:00:00', 'p', '', 1),
(1386, 24, '2019-11-24', '15:00:00', '19:50:00', 'p', '', 1),
(1387, 31, '2019-11-24', '10:50:00', '19:00:00', 'p', '', 1),
(1388, 33, '2019-11-24', '11:50:00', '07:50:00', 'p', '', 1),
(1389, 4, '2019-11-25', '12:00:00', '19:50:00', 'l', '', 1),
(1390, 12, '2019-11-25', '11:50:00', '19:50:00', 'l', '', 1),
(1391, 14, '2019-11-25', '11:23:00', '07:40:00', 'l', '', 1),
(1392, 25, '2019-11-25', '11:50:00', '19:50:00', 'l', '', 1),
(1393, 33, '2019-11-25', '11:50:00', '19:40:00', 'l', '', 1),
(1394, 2, '2019-11-25', NULL, NULL, 'cl', '', 1),
(1395, 17, '2019-11-25', NULL, NULL, 'a', '', 1),
(1396, 29, '2019-11-25', NULL, NULL, 'a', '', 1),
(1397, 30, '2019-11-25', NULL, NULL, 'a', '', 1),
(1398, 1, '2019-11-25', '11:11:00', '20:00:00', 'p', '', 1),
(1399, 8, '2019-11-25', '11:10:00', '19:50:00', 'p', '', 1),
(1400, 13, '2019-11-25', '10:20:00', '19:50:00', 'hd', '', 1),
(1401, 16, '2019-11-25', '10:00:00', '19:00:00', 'p', '', 1),
(1402, 19, '2019-11-25', '10:00:00', '19:00:00', 'p', '', 1),
(1403, 20, '2019-11-25', '10:01:00', '19:50:00', 'p', '', 1),
(1404, 24, '2019-11-25', '14:30:00', '20:00:00', 'hd', '', 1),
(1405, 31, '2019-11-25', '10:30:00', '19:00:00', 'hd', '', 1),
(1406, 1, '2019-11-30', '11:00:00', '19:00:00', 'hd', '  ', 1),
(1407, 2, '2019-11-30', '13:00:00', '19:30:00', 'hd', '  ', 1),
(1408, 8, '2019-11-30', '23:00:00', '19:30:00', 'hd', '  ', 1),
(1409, 12, '2019-11-30', '13:00:00', '19:30:00', 'hd', '  ', 1),
(1410, 14, '2019-11-30', '13:00:00', '19:30:00', 'hd', '  ', 1),
(1411, 25, '2019-11-30', '13:00:00', '19:30:00', 'hd', '  ', 1),
(1412, 2, '2019-11-26', '12:14:00', '19:00:00', 'l', '', 1),
(1413, 4, '2019-11-26', '11:44:00', '20:00:00', 'l', '', 1),
(1414, 33, '2019-11-26', '11:20:00', '19:00:00', 'l', '', 1),
(1415, 12, '2019-11-26', NULL, NULL, 'a', '', 1),
(1416, 17, '2019-11-26', NULL, NULL, 'a', '', 1),
(1417, 29, '2019-11-26', NULL, NULL, 'a', '', 1),
(1418, 30, '2019-11-26', NULL, NULL, 'a', '', 1),
(1419, 1, '2019-11-26', '10:50:00', '20:00:00', 'p', '', 1),
(1420, 8, '2019-11-26', '10:50:00', '19:50:00', 'p', '', 1),
(1421, 13, '2019-11-26', '10:20:00', '19:50:00', 'p', '', 1),
(1422, 14, '2019-11-26', '08:35:00', '19:00:00', 'p', '', 1),
(1423, 16, '2019-11-26', '10:00:00', '19:50:00', 'p', '', 1),
(1424, 19, '2019-11-26', '10:49:00', '20:00:00', 'p', '', 1),
(1425, 20, '2019-11-26', '09:30:00', '18:00:00', 'p', '', 1),
(1426, 24, '2019-11-26', '15:00:00', '20:00:00', 'p', '', 1),
(1427, 25, '2019-11-26', '08:35:00', '19:00:00', 'p', '', 1),
(1428, 31, '2019-11-26', '10:30:00', '19:00:00', 'p', '', 1),
(1429, 2, '2019-11-27', '23:40:00', '19:00:00', 'l', '', 1),
(1430, 14, '2019-11-27', '11:30:00', '19:00:00', 'l', '', 1),
(1431, 25, '2019-11-27', '00:38:00', '19:50:00', 'l', '', 1),
(1432, 33, '2019-11-27', '11:20:00', '19:00:00', 'l', '', 1),
(1433, 4, '2019-11-27', NULL, NULL, 'a', '', 1),
(1434, 17, '2019-11-27', NULL, NULL, 'a', '', 1),
(1435, 29, '2019-11-27', NULL, NULL, 'a', '', 1),
(1436, 30, '2019-11-27', NULL, NULL, 'a', '', 1),
(1437, 1, '2019-11-27', '10:20:00', '20:00:00', 'p', '', 1),
(1438, 8, '2019-11-27', '10:20:00', '19:50:00', 'p', '', 1),
(1439, 12, '2019-11-27', '15:00:00', '20:00:00', 'hd', '', 1),
(1440, 13, '2019-11-27', '10:20:00', '19:50:00', 'p', '', 1),
(1441, 16, '2019-11-27', '10:00:00', '19:50:00', 'p', '', 1),
(1442, 19, '2019-11-27', '10:49:00', '20:00:00', 'p', '', 1),
(1443, 20, '2019-11-27', '09:30:00', '18:00:00', 'p', '', 1),
(1444, 24, '2019-11-27', '15:00:00', '20:00:00', 'p', '', 1),
(1445, 31, '2019-11-27', '10:30:00', '19:00:00', 'p', '', 1),
(1446, 2, '2019-11-28', '11:51:00', '19:00:00', 'l', '', 1),
(1447, 12, '2019-11-28', '12:28:00', '20:00:00', 'l', '', 1),
(1448, 14, '2019-11-28', '11:00:00', '19:50:00', 'l', '', 1),
(1449, 25, '2019-11-28', '11:58:00', '19:50:00', 'l', '', 1),
(1450, 33, '2019-11-28', '11:54:00', '19:20:00', 'l', '', 1),
(1451, 17, '2019-11-28', NULL, NULL, 'a', '', 1),
(1452, 29, '2019-11-28', NULL, NULL, 'a', '', 1),
(1453, 30, '2019-11-28', NULL, NULL, 'a', '', 1),
(1454, 4, '2019-11-28', NULL, NULL, 'sl', '', 1),
(1455, 1, '2019-11-28', '09:40:00', '20:00:00', 'p', '', 1),
(1456, 8, '2019-11-28', '10:20:00', '19:50:00', 'p', '', 1),
(1457, 13, '2019-11-28', '10:20:00', '19:50:00', 'p', '', 1),
(1458, 16, '2019-11-28', '10:00:00', '19:50:00', 'p', '', 1),
(1459, 19, '2019-11-28', '10:49:00', '20:00:00', 'p', '', 1),
(1460, 20, '2019-11-28', '09:30:00', '18:00:00', 'p', '', 1),
(1461, 24, '2019-11-28', '15:05:00', '20:00:00', 'p', '', 1),
(1462, 31, '2019-11-28', '10:30:00', '19:00:00', 'p', '', 1),
(1463, 1, '2019-11-29', '11:11:00', '19:00:00', 'hd', '  ', 1),
(1464, 12, '2019-11-29', '14:02:00', '19:00:00', 'hd', '  ', 1),
(1465, 14, '2019-11-29', '14:02:00', '19:00:00', 'hd', '  ', 1),
(1466, 25, '2019-11-29', '14:02:00', '19:00:00', 'hd', '  ', 1),
(1467, 4, '2019-12-02', '12:06:00', '20:00:00', 'l', '', 1),
(1468, 14, '2019-12-02', '12:00:00', '20:00:00', 'l', '', 1),
(1469, 33, '2019-12-02', '12:05:00', '19:30:00', 'l', '', 1),
(1470, 17, '2019-12-02', NULL, NULL, 'a', '', 1),
(1471, 24, '2019-12-02', NULL, NULL, 'a', '', 1),
(1472, 1, '2019-12-02', '11:06:00', '20:00:00', 'p', '', 1),
(1473, 2, '2019-12-02', '11:14:00', '19:00:00', 'p', '', 1),
(1474, 8, '2019-12-02', '11:06:00', '19:50:00', 'hd', '', 1),
(1475, 12, '2019-12-02', '11:11:00', '20:00:00', 'p', '', 1),
(1476, 13, '2019-12-02', '10:30:00', '19:50:00', 'p', '', 1),
(1477, 16, '2019-12-02', '10:00:00', '20:00:00', 'p', '', 1),
(1478, 19, '2019-12-02', '11:06:00', '20:00:00', 'hd', '', 1),
(1479, 20, '2019-12-02', '10:00:00', '18:30:00', 'p', '', 1),
(1480, 25, '2019-12-02', '16:00:00', '22:00:00', 'hd', '', 1),
(1481, 31, '2019-12-02', '10:30:00', '19:00:00', 'p', '', 1),
(1482, 34, '2019-12-02', '11:00:00', '19:10:00', 'p', '', 1),
(1483, 2, '2019-12-01', '12:14:00', '20:00:00', 'l', '', 1),
(1484, 4, '2019-12-01', '00:06:00', '20:00:00', 'l', '', 1),
(1485, 8, '2019-12-01', '11:30:00', '19:30:00', 'l', '', 1),
(1486, 12, '2019-12-01', '11:43:00', '19:20:00', 'l', '', 1),
(1487, 14, '2019-12-01', '11:19:00', '19:20:00', 'l', '', 1),
(1488, 25, '2019-12-01', '12:18:00', '19:00:00', 'l', '', 1),
(1489, 33, '2019-12-01', '11:39:00', '08:00:00', 'l', '', 1),
(1490, 17, '2019-12-01', NULL, NULL, 'a', '', 1),
(1491, 1, '2019-12-01', '10:54:00', '20:00:00', 'p', '', 1),
(1492, 13, '2019-12-01', '10:20:00', '20:02:00', 'p', '', 1),
(1493, 16, '2019-12-01', '10:00:00', '19:01:00', 'p', '', 1),
(1494, 19, '2019-12-01', '11:06:00', '19:40:00', 'p', '', 1),
(1495, 20, '2019-12-01', '09:40:00', '18:30:00', 'p', '', 1),
(1496, 24, '2019-12-01', '14:27:00', '19:50:00', 'p', '', 1),
(1497, 31, '2019-12-01', '10:30:00', '19:00:00', 'p', '', 1),
(1498, 34, '2019-12-01', '11:13:00', '19:00:00', 'p', '', 1),
(1499, 1, '2019-12-03', '11:31:00', '20:00:00', 'l', '', 1),
(1500, 2, '2019-12-03', '12:21:00', '19:30:00', 'l', '', 1),
(1501, 4, '2019-12-03', '12:00:00', '19:50:00', 'l', '', 1),
(1502, 12, '2019-12-03', '14:50:00', '20:00:00', 'l', '', 1),
(1503, 25, '2019-12-03', '12:41:00', '19:30:00', 'l', '', 1),
(1504, 33, '2019-12-03', '13:40:00', '19:30:00', 'l', '', 1),
(1505, 17, '2019-12-03', NULL, NULL, 'a', '', 1),
(1506, 8, '2019-12-03', '11:00:00', '19:00:00', 'p', '', 1),
(1507, 13, '2019-12-03', '10:30:00', '19:20:00', 'p', '', 1),
(1508, 14, '2019-12-03', '10:40:00', '19:30:00', 'p', '', 1),
(1509, 16, '2019-12-03', '10:00:00', '19:00:00', 'p', '', 1),
(1510, 19, '2019-12-03', '10:00:00', '19:20:00', 'p', '', 1),
(1511, 20, '2019-12-03', '09:50:00', '18:50:00', 'p', '', 1),
(1512, 24, '2019-12-03', '11:11:00', '16:00:00', 'p', '', 1),
(1513, 31, '2019-12-03', '10:30:00', '19:00:00', 'p', '', 1),
(1514, 34, '2019-12-03', '11:00:00', '19:00:00', 'p', '', 1),
(1515, 2, '2019-12-04', '12:11:00', '19:40:00', 'l', '', 1),
(1516, 12, '2019-12-04', '11:40:00', '19:50:00', 'l', '', 1),
(1517, 25, '2019-12-04', '13:05:00', '19:30:00', 'l', '', 1),
(1518, 33, '2019-12-04', '12:30:00', '19:00:00', 'l', '', 1),
(1519, 17, '2019-12-04', NULL, NULL, 'a', '', 1),
(1520, 1, '2019-12-04', '11:10:00', '20:00:00', 'p', '', 1),
(1521, 4, '2019-12-04', '15:05:00', '20:00:00', 'hd', '', 1),
(1522, 8, '2019-12-04', '10:30:00', '19:00:00', 'p', '', 1),
(1523, 13, '2019-12-04', '10:30:00', '19:30:00', 'p', '', 1),
(1524, 14, '2019-12-04', '10:37:00', '19:40:00', 'p', '', 1),
(1525, 16, '2019-12-04', '10:00:00', '19:00:00', 'p', '', 1),
(1526, 19, '2019-12-04', '11:00:00', '19:00:00', 'p', '', 1),
(1527, 20, '2019-12-04', '09:50:00', '18:30:00', 'p', '', 1),
(1528, 24, '2019-12-04', '11:00:00', '17:04:00', 'p', '', 1),
(1529, 31, '2019-12-04', '10:00:00', '19:00:00', 'p', '', 1),
(1530, 34, '2019-12-04', '11:00:00', '19:00:00', 'p', '', 1);

-- --------------------------------------------------------

--
-- Table structure for table `emp_job_role`
--

CREATE TABLE `emp_job_role` (
  `id` int(11) NOT NULL,
  `emp_id` int(11) NOT NULL,
  `comp_id` int(11) NOT NULL,
  `dep_id` int(11) NOT NULL,
  `des_id` int(11) NOT NULL,
  `job_nature` tinyint(5) NOT NULL COMMENT '1=fullTime, 2=fullTime',
  `start_date` date NOT NULL,
  `end_date` date DEFAULT NULL,
  `salary` double NOT NULL,
  `notes` varchar(255) NOT NULL
) ENGINE=InnoDB DEFAULT CHARSET=latin1;

--
-- Dumping data for table `emp_job_role`
--

INSERT INTO `emp_job_role` (`id`, `emp_id`, `comp_id`, `dep_id`, `des_id`, `job_nature`, `start_date`, `end_date`, `salary`, `notes`) VALUES
(1, 1, 0, 0, 2, 1, '2017-03-01', NULL, 45000, 'CEO'),
(2, 4, 0, 0, 3, 1, '2019-05-18', NULL, 45000, '  Very good boy'),
(3, 2, 0, 0, 14, 1, '2019-07-01', NULL, 15000, '  okay'),
(4, 5, 0, 0, 4, 1, '2018-06-03', '2019-09-09', 40000, 'Okay'),
(5, 6, 0, 0, 22, 1, '2018-09-01', '2019-09-19', 15000, '  Office e time moto ase na'),
(6, 8, 0, 0, 5, 1, '2017-07-02', NULL, 35000, '  '),
(7, 10, 0, 0, 13, 1, '2019-08-01', '2019-10-09', 20000, '  Radhuni\r\n'),
(8, 12, 0, 0, 1, 1, '2017-03-01', NULL, 25000, '  Onek late kore \r\n'),
(9, 13, 0, 0, 15, 1, '2018-02-10', NULL, 10000, '  Laiga geche'),
(10, 16, 0, 0, 11, 1, '2018-01-01', NULL, 10000, '  Okay\r\n'),
(11, 17, 0, 0, 10, 1, '2019-08-01', NULL, 8000, '  Okay'),
(12, 18, 0, 0, 12, 1, '2019-06-01', '2019-09-15', 4000, '  Bhotka'),
(13, 19, 0, 0, 12, 1, '2019-02-03', NULL, 1500, '  Okay'),
(14, 20, 0, 0, 23, 1, '2019-01-01', NULL, 8000, '  Okay'),
(15, 15, 0, 0, 18, 1, '2019-06-01', '2019-11-04', 10000, '  Okay'),
(16, 14, 0, 0, 16, 1, '2018-11-01', NULL, 25000, '  Okay'),
(17, 7, 0, 0, 7, 1, '2019-07-01', '2019-09-09', 6000, '  Okay'),
(18, 9, 0, 0, 21, 1, '2019-07-01', '2019-09-09', 25000, '  Okay'),
(19, 11, 0, 0, 13, 2, '2018-08-01', NULL, 10000, '  Okay'),
(20, 7, 0, 0, 20, 1, '2019-07-01', '2019-09-09', 6000, 'Okay'),
(21, 22, 0, 0, 10, 2, '2019-01-01', NULL, 5000, '  okay'),
(22, 23, 0, 0, 8, 1, '2018-09-01', '2019-10-01', 18000, '  okay'),
(23, 26, 0, 0, 10, 1, '2019-09-15', '2019-10-15', 5000, '  ok'),
(24, 25, 0, 0, 24, 1, '2019-09-17', NULL, 12000, '  ok'),
(25, 24, 0, 0, 25, 1, '2019-09-11', NULL, 12000, '  ok'),
(26, 27, 0, 0, 6, 1, '2019-10-03', '2019-10-09', 12000, '  '),
(27, 28, 0, 0, 10, 1, '2019-10-13', '2019-10-29', 5000, '  ok'),
(28, 29, 0, 0, 26, 1, '2019-10-20', '2019-11-28', 4000, '  '),
(29, 30, 0, 0, 26, 1, '2019-10-20', '2019-11-28', 4000, '  '),
(30, 31, 0, 0, 27, 1, '2019-10-27', NULL, 5000, '  ok'),
(31, 32, 0, 0, 18, 1, '2019-11-01', '2019-11-04', 10000, '  '),
(32, 33, 0, 0, 28, 1, '2019-11-03', NULL, 20000, '  '),
(33, 34, 0, 0, 5, 1, '2019-11-03', NULL, 30000, '  ok'),
(34, 35, 0, 0, 18, 2, '0000-00-00', NULL, 432, '  xvbxf');

-- --------------------------------------------------------

--
-- Table structure for table `meeting_attendance`
--

CREATE TABLE `meeting_attendance` (
  `id` int(11) NOT NULL,
  `emp_id` int(11) NOT NULL,
  `meeting_date` date NOT NULL,
  `status` varchar(255) NOT NULL,
  `notes` varchar(255) NOT NULL,
  `approved` tinyint(4) NOT NULL
) ENGINE=InnoDB DEFAULT CHARSET=latin1;

--
-- Dumping data for table `meeting_attendance`
--

INSERT INTO `meeting_attendance` (`id`, `emp_id`, `meeting_date`, `status`, `notes`, `approved`) VALUES
(1, 1, '2019-11-04', 'p', '', 1),
(2, 4, '2019-11-04', 'l', '', 1),
(3, 12, '2019-11-04', 'p', '', 1),
(4, 14, '2019-11-04', 'p', '', 1),
(5, 1, '2019-11-05', 'l', '', 1),
(6, 4, '2019-11-05', 'l', '', 1),
(7, 12, '2019-11-05', 'p', '', 1),
(8, 14, '2019-11-05', 'l', '', 1),
(9, 1, '2019-11-06', 'p', '', 1),
(10, 4, '2019-11-06', 'l', '', 1),
(11, 12, '2019-11-06', 'l', '', 1),
(12, 14, '2019-11-06', 'cl', '', 1),
(13, 1, '2019-11-07', 'p', '', 1),
(14, 4, '2019-11-07', 'p', '', 1),
(15, 12, '2019-11-07', 'p', '', 1),
(16, 14, '2019-11-07', 'p', '', 1),
(17, 1, '2019-11-11', 'p', '', 1),
(18, 4, '2019-11-11', 'p', '', 1),
(19, 12, '2019-11-11', 'p', '', 1),
(20, 14, '2019-11-11', 'p', '', 1),
(21, 1, '2019-11-12', 'p', '', 1),
(22, 4, '2019-11-12', 'a', '', 1),
(23, 12, '2019-11-12', 'p', '', 1),
(24, 14, '2019-11-12', 'p', '', 1),
(25, 1, '2019-11-13', 'p', '', 1),
(26, 4, '2019-11-13', 'p', '', 1),
(27, 12, '2019-11-13', 'p', '', 1),
(28, 14, '2019-11-13', 'p', '', 1),
(29, 1, '2019-11-14', 'p', '', 1),
(30, 4, '2019-11-14', 'p', '', 1),
(31, 12, '2019-11-14', 'p', '', 1),
(32, 14, '2019-11-14', 'p', '', 1),
(33, 1, '2019-11-17', 'p', '', 1),
(34, 4, '2019-11-17', 'p', '', 1),
(35, 12, '2019-11-17', 'p', '', 1),
(36, 14, '2019-11-17', 'p', '', 1),
(37, 1, '2019-11-18', 'p', '', 1),
(38, 4, '2019-11-18', 'p', '', 1),
(39, 12, '2019-11-18', 'p', '', 1),
(40, 14, '2019-11-18', 'p', '', 1),
(41, 1, '2019-11-19', 'p', '', 1),
(42, 4, '2019-11-19', 'p', '', 1),
(43, 12, '2019-11-19', 'p', '', 1),
(44, 14, '2019-11-19', 'p', '', 1),
(45, 1, '2019-11-20', 'p', '', 1),
(46, 4, '2019-11-20', 'p', '', 1),
(47, 12, '2019-11-20', 'p', '', 1),
(48, 14, '2019-11-20', 'p', '', 1),
(49, 1, '2019-11-21', 'p', '', 1),
(50, 4, '2019-11-21', 'p', '', 1),
(51, 12, '2019-11-21', 'p', '', 1),
(52, 14, '2019-11-21', 'p', '', 1),
(53, 1, '2019-11-24', 'p', '', 1),
(54, 4, '2019-11-24', 'p', '', 1),
(55, 12, '2019-11-24', 'p', '', 1),
(56, 14, '2019-11-24', 'p', '', 1),
(57, 1, '2019-11-25', 'p', '', 1),
(58, 4, '2019-11-25', 'p', '', 1),
(59, 12, '2019-11-25', 'p', '', 1),
(60, 14, '2019-11-25', 'p', '', 1),
(61, 1, '2019-11-26', 'p', '', 1),
(62, 4, '2019-11-26', 'p', '', 1),
(63, 12, '2019-11-26', 'a', '', 1),
(64, 14, '2019-11-26', 'p', '', 1),
(65, 1, '2019-11-27', 'p', '', 1),
(66, 4, '2019-11-27', 'a', '', 1),
(67, 12, '2019-11-27', 'p', '', 1),
(68, 14, '2019-11-27', 'p', '', 1),
(69, 1, '2019-11-28', 'p', '', 1),
(70, 4, '2019-11-28', 'sl', '', 1),
(71, 12, '2019-11-28', 'p', '', 1),
(72, 14, '2019-11-28', 'p', '', 1),
(73, 1, '2019-12-02', 'p', '', 1),
(74, 4, '2019-12-02', 'p', '', 1),
(75, 12, '2019-12-02', 'p', '', 1),
(76, 14, '2019-12-02', 'p', '', 1),
(77, 1, '2019-12-01', 'p', '', 1),
(78, 4, '2019-12-01', 'p', '', 1),
(79, 12, '2019-12-01', 'p', '', 1),
(80, 14, '2019-12-01', 'p', '', 1),
(81, 1, '2019-12-03', 'p', '', 1),
(82, 4, '2019-12-03', 'p', '', 1),
(83, 12, '2019-12-03', 'p', '', 1),
(84, 14, '2019-12-03', 'p', '', 1),
(85, 1, '2019-12-04', 'p', '', 1),
(86, 4, '2019-12-04', 'p', '', 1),
(87, 12, '2019-12-04', 'p', '', 1),
(88, 14, '2019-12-04', 'p', '', 1),
(89, 1, '2019-12-05', 'p', '', 0),
(90, 4, '2019-12-05', 'p', '', 0),
(91, 12, '2019-12-05', 'p', '', 0),
(92, 14, '2019-12-05', 'p', '', 0);

-- --------------------------------------------------------

--
-- Table structure for table `monthly_summary`
--

CREATE TABLE `monthly_summary` (
  `id` int(11) NOT NULL,
  `emp_id` int(11) NOT NULL,
  `t_present` int(11) DEFAULT NULL,
  `t_absent` int(11) NOT NULL,
  `t_half_day` int(11) NOT NULL,
  `t_late` int(11) NOT NULL,
  `t_meeting_late` int(11) NOT NULL,
  `t_casual_leave` int(11) NOT NULL,
  `t_sick_leave` int(11) NOT NULL,
  `month` date NOT NULL,
  `created_at` timestamp NOT NULL DEFAULT current_timestamp()
) ENGINE=InnoDB DEFAULT CHARSET=utf8mb4;

--
-- Dumping data for table `monthly_summary`
--

INSERT INTO `monthly_summary` (`id`, `emp_id`, `t_present`, `t_absent`, `t_half_day`, `t_late`, `t_meeting_late`, `t_casual_leave`, `t_sick_leave`, `month`, `created_at`) VALUES
(1, 1, 2, 2, 2, 2, 2, 2, 2, '2019-12-01', '2019-12-30 10:27:12'),
(2, 2, 3, 3, 3, 3, 3, 3, 3, '2019-12-01', '2019-12-30 10:27:12');

-- --------------------------------------------------------

--
-- Table structure for table `password_reset`
--

CREATE TABLE `password_reset` (
  `id` int(11) NOT NULL,
  `email` varchar(255) NOT NULL,
  `token` varchar(255) NOT NULL,
  `isExpired` tinyint(4) NOT NULL
) ENGINE=MyISAM DEFAULT CHARSET=latin1;

--
-- Dumping data for table `password_reset`
--

INSERT INTO `password_reset` (`id`, `email`, `token`, `isExpired`) VALUES
(1, 'nh.limon@yahoo.com', 'ef258162efe36e08c91e59f2bf6b92f545cde67a601ff292958c84f914962383478db1b87783e435b3990f486bba2835529a', 0),
(2, 'nh.limon2010@gmail.com', 'f339f5268a31af6c0cf9930e039f2566930662819ba43df93786051098a8b086bd2292f97b10db114401978c7fe4ddb6da07', 1),
(3, 'nh.limon@yahoo.com', '03b3a04fb7ebd0ff4752e71127c7b862fb3567322d747c21dfc95586bdfaddf76e748e4c75a0f39729dada36047ada693b77', 0),
(4, 'nh.limon2010@gmail.com', 'eafc4223712fdca533abd2fe54994be9aa0337a952c245dc214e7d0a0ba982549c442ac6826cfcb92da2966fbdc723090e38', 0),
(5, 'nh.limon2010@gmail.com', '7980d52b86626ef9a2e646bf978ed4f61ec644563ecc08ca71ed5fa6f6acee67c2584e2c697ee35a700901637d3d1bb7e8c8', 0),
(6, 'nh.limon2010@gmail.com', '2969e77ba7577691ecfeaffda0e9fd18923d78962cfb9470b81466183f04a065d69863145f2959782c453c30052ef74e4334', 0),
(7, 'nh.limon2010@gmail.com', '8e29ac6550553eb2716ec5b9d063a4f70044cd30ef2451e0c602460e72dd271bc323dbc5520f783e4c2a1f4ae7b48bf43dac', 0),
(8, 'nh.limon2010@gmail.com', '01dafece0eff488d2d1209870a2e09874719d498015948825616fdf065e12a63e2881cc8d1939ad2a2d57b647d828dbfa7a2', 0),
(9, 'nh.limon2010@gmail.com', '0fbf0f8258bb477e8a95df3f1fa4c22136ee59558934632f81c5ff211a28b555f7c50173ceb9ef19d261551e128e6a0cb982', 0),
(10, 'nh.limon2010@gmail.com', '70afa9d356f1155c91262caca7ed4b361a2d5dd1eb660b12f6bab1139c8e01431469f9c3d46353a5e4383a671f05a2d88453', 0);

-- --------------------------------------------------------

--
-- Table structure for table `projects`
--

CREATE TABLE `projects` (
  `id` int(11) NOT NULL,
  `name` varchar(255) NOT NULL,
  `description` text NOT NULL,
  `client_id` int(11) DEFAULT NULL,
  `assigned_to` int(11) NOT NULL,
  `category_id` int(11) NOT NULL,
  `start_date` date DEFAULT NULL,
  `end_date` date DEFAULT NULL,
  `request_for_end` int(11) NOT NULL,
  `actual_start_date` date DEFAULT NULL,
  `actual_end_date` date DEFAULT NULL,
  `expense` double NOT NULL,
  `revenue` double NOT NULL,
  `approved_status` tinyint(4) NOT NULL,
  `project_status` int(11) NOT NULL,
  `created_by` int(11) NOT NULL,
  `approved_by` tinyint(4) NOT NULL,
  `approved_at` timestamp NOT NULL DEFAULT current_timestamp() ON UPDATE current_timestamp(),
  `created_at` timestamp NOT NULL DEFAULT current_timestamp(),
  `updated_at` timestamp NOT NULL DEFAULT current_timestamp() ON UPDATE current_timestamp()
) ENGINE=InnoDB DEFAULT CHARSET=utf8mb4;

--
-- Dumping data for table `projects`
--

INSERT INTO `projects` (`id`, `name`, `description`, `client_id`, `assigned_to`, `category_id`, `start_date`, `end_date`, `request_for_end`, `actual_start_date`, `actual_end_date`, `expense`, `revenue`, `approved_status`, `project_status`, `created_by`, `approved_by`, `approved_at`, `created_at`, `updated_at`) VALUES
(1, 'Project 1', 'ertert', 1, 2, 2, '2019-11-12', '2019-11-22', 1, '2019-12-17', NULL, 34242, 100000, 1, 2, 1, 1, '2019-12-18 17:27:51', '2019-12-01 05:48:25', '2019-12-18 17:27:51'),
(2, 'Project 2', 'ertert', 2, 0, 0, '2019-11-12', '2019-11-22', 0, '2019-12-17', '2019-12-17', 34242, 0, 1, 1, 0, 4, '2019-12-17 13:45:30', '2019-12-01 05:47:53', '2019-12-17 13:45:30'),
(3, 'Project 3', 'ertert', 2, 11, 0, '2019-11-12', '2019-11-22', 0, '2019-12-12', NULL, 34242, 0, 1, 1, 0, 1, '2019-12-18 06:14:40', '2019-12-01 05:48:29', '2019-12-18 06:14:40'),
(4, 'new poroject', 'sdfdaf', 1, 0, 0, '2019-12-11', '2019-12-13', 1, '2019-12-18', NULL, 134132, 0, 0, 1, 0, 0, '2019-12-18 12:28:21', '2019-12-02 12:14:07', '2019-12-18 12:28:21'),
(5, 'limonads-April', 'zxczc', 0, 0, 0, '2019-12-19', '2019-12-10', 0, '2019-12-18', NULL, 356, 0, 1, 3, 0, 1, '2019-12-18 17:29:02', '2019-12-01 08:15:49', '2019-12-18 17:29:02'),
(6, 'with datepicker-', 'dfdsafd', 1, 0, 0, '2019-12-12', '2019-12-11', 0, NULL, NULL, 3134, 0, 1, 6, 1, 1, '2019-12-18 17:29:07', '2019-12-02 10:35:16', '2019-12-18 17:29:07'),
(7, 'dff-December 2019', 'afasds', 0, 0, 0, '2019-12-12', '2019-12-04', 0, '2019-12-17', NULL, 324, 0, 0, 8, 0, 0, '2019-12-18 06:14:23', '2019-12-02 10:36:23', '2019-12-18 06:14:23'),
(8, 'yher-Dec 19', 'ytrewtret', 0, 0, 0, '2019-12-06', '2019-12-12', 0, NULL, NULL, 354, 0, 1, 5, 0, 1, '2019-12-18 06:14:32', '2019-12-02 10:56:42', '2019-12-18 06:14:32'),
(13, 'fadsf-Dec 19', 'adasd', 0, 0, 0, '2019-12-18', '2019-12-18', 0, NULL, NULL, 34, 0, 1, 8, 4, 1, '2019-12-18 06:14:26', '2019-12-08 10:23:17', '2019-12-18 06:14:26'),
(15, 'kv-Dec 19', 'jhj', 2, 0, 1, '2019-12-25', '2019-12-13', 0, NULL, NULL, 876, 0, 1, 5, 0, 1, '2019-12-18 06:14:35', '2019-12-11 09:17:51', '2019-12-18 06:14:35'),
(16, 'sdfdsfsdf-Dec 19', 'sfdsdf', 1, 0, 9, '2019-12-18', '2019-12-04', 0, NULL, NULL, 43242, 0, 1, 0, 1, 1, '2019-12-17 14:04:18', '2019-12-17 14:04:18', '2019-12-17 14:04:18'),
(22, 'dfgfg-Dec 19', 'dfgfdg', 2, 2, 11, '2019-12-10', '2019-12-04', 0, NULL, NULL, 452, 0, 1, 5, 1, 1, '2019-12-18 10:54:17', '2019-12-18 07:10:45', '2019-12-18 10:54:17'),
(23, 'gfssd-Dec 19', 'sfdfs', 2, 20, 2, '2019-12-04', '2019-12-12', 0, NULL, NULL, 43535, 0, 0, 1, 2, 0, '2019-12-18 11:49:09', '2019-12-18 11:49:09', '2019-12-18 11:49:09'),
(24, 'gfssd-Dec 19', 'sfdfs', 2, 20, 2, '2019-12-04', '2019-12-12', 0, NULL, NULL, 43535, 0, 0, 1, 2, 0, '2019-12-18 11:51:20', '2019-12-18 11:51:20', '2019-12-18 11:51:20'),
(25, 'gfssd-Dec 19', 'sfdfs', 2, 13, 2, '2019-12-04', '2019-12-12', 0, NULL, NULL, 43535, 0, 0, 1, 2, 0, '2019-12-18 11:51:32', '2019-12-18 11:51:32', '2019-12-18 11:51:32'),
(26, 'hdfgdf-Dec 19', 'dfgdfgd', 6, 33, 2, '2019-12-16', '2019-12-11', 0, NULL, NULL, 24324, 0, 1, 1, 1, 1, '2019-12-18 12:33:15', '2019-12-18 12:29:16', '2019-12-18 12:33:15'),
(27, 'Test Project-Nov 20', 'This is a test Project', 6, 2, 17, '2020-11-01', '2020-11-04', 0, NULL, NULL, 350000, 0, 1, 1, 1, 1, '2020-11-15 21:32:19', '2020-11-15 21:32:19', '2020-11-15 21:32:19');

-- --------------------------------------------------------

--
-- Table structure for table `project_categories`
--

CREATE TABLE `project_categories` (
  `id` int(11) NOT NULL,
  `name` varchar(255) NOT NULL,
  `description` text NOT NULL,
  `created_at` timestamp NOT NULL DEFAULT current_timestamp() ON UPDATE current_timestamp(),
  `updated_at` timestamp NOT NULL DEFAULT current_timestamp()
) ENGINE=InnoDB DEFAULT CHARSET=utf8mb4;

--
-- Dumping data for table `project_categories`
--

INSERT INTO `project_categories` (`id`, `name`, `description`, `created_at`, `updated_at`) VALUES
(1, 'moira jamu', 'dd', '2019-12-11 09:29:31', '2019-11-30 08:51:59'),
(2, 'ghfh', 'gfhfgh', '2019-12-17 12:01:01', '2019-12-17 06:31:46'),
(6, 'hjydf', 'gfdgfdg', '2019-12-17 06:32:01', '2019-12-17 06:32:01'),
(7, 'hdfghfd', 'gfdgfdg', '2019-12-17 06:32:12', '2019-12-17 06:32:12'),
(8, 'sgd', 'dsfsd', '2019-12-17 06:43:43', '2019-12-17 06:43:43'),
(9, 'adsfasd', 'asdas', '2019-12-17 06:44:00', '2019-12-17 06:44:00'),
(11, 'fsdfs', 'dfsdf', '2019-12-17 06:46:13', '2019-12-17 06:46:13'),
(12, 'sdfds', 'sdfds', '2019-02-17 06:46:56', '2019-12-17 06:46:56'),
(13, 'lmnf', 'lmn', '2019-12-17 07:25:00', '2019-12-17 07:03:18'),
(14, 'ghdh', 'dghdfgfd', '2019-12-17 07:34:11', '2019-12-17 07:34:11'),
(15, 'dfgfd', 'gdfgd', '2019-12-17 07:34:22', '2019-12-17 07:34:22'),
(16, 'dgfdg', 'dfgdfg', '2019-12-17 07:34:29', '2019-12-17 07:34:29'),
(17, 'dgdfg', 'dfgdfgdf', '2019-12-17 07:34:34', '2019-12-17 07:34:34');

-- --------------------------------------------------------

--
-- Table structure for table `project_status`
--

CREATE TABLE `project_status` (
  `id` int(11) NOT NULL,
  `status` varchar(100) NOT NULL
) ENGINE=InnoDB DEFAULT CHARSET=utf8mb4;

--
-- Dumping data for table `project_status`
--

INSERT INTO `project_status` (`id`, `status`) VALUES
(1, 'Prospect'),
(2, 'Meeting Set'),
(3, 'RFQ'),
(4, 'Pitch Prepared'),
(5, 'Quotation Sent'),
(6, 'Work Order Received'),
(7, 'Ongoing'),
(8, 'Work Done'),
(9, 'Bill Sent');

-- --------------------------------------------------------

--
-- Table structure for table `project_status_updated_history`
--

CREATE TABLE `project_status_updated_history` (
  `id` int(11) NOT NULL,
  `project_id` int(11) NOT NULL,
  `status_id` int(11) NOT NULL,
  `updated_by` int(11) NOT NULL,
  `updated_at` timestamp NOT NULL DEFAULT current_timestamp()
) ENGINE=InnoDB DEFAULT CHARSET=utf8mb4;

--
-- Dumping data for table `project_status_updated_history`
--

INSERT INTO `project_status_updated_history` (`id`, `project_id`, `status_id`, `updated_by`, `updated_at`) VALUES
(1, 4, 4, 1, '2019-12-17 12:56:27'),
(2, 1, 3, 1, '2019-12-17 13:03:23'),
(3, 1, 5, 1, '2019-12-17 13:05:13'),
(4, 1, 6, 1, '2019-12-17 13:12:20'),
(5, 3, 2, 1, '2019-12-17 13:19:10'),
(6, 3, 6, 1, '2019-12-17 13:19:27'),
(7, 6, 2, 1, '2019-12-17 13:20:32'),
(8, 1, 4, 1, '2019-12-17 13:27:22'),
(9, 2, 1, 1, '2019-12-17 13:32:59'),
(10, 1, 9, 1, '2019-12-17 13:35:45'),
(11, 1, 1, 1, '2019-12-17 13:40:00'),
(12, 1, 3, 2, '2019-12-18 06:11:07'),
(13, 1, 8, 2, '2019-12-18 06:11:11'),
(14, 4, 1, 1, '2019-12-18 06:14:13'),
(15, 5, 1, 1, '2019-12-18 06:14:19'),
(16, 7, 8, 1, '2019-12-18 06:14:23'),
(17, 13, 8, 1, '2019-12-18 06:14:26'),
(18, 8, 6, 1, '2019-12-18 06:14:29'),
(19, 8, 5, 1, '2019-12-18 06:14:32'),
(20, 15, 5, 1, '2019-12-18 06:14:35'),
(21, 3, 1, 1, '2019-12-18 06:14:41'),
(22, 1, 2, 2, '2019-12-18 09:12:39'),
(23, 1, 5, 1, '2019-12-18 10:48:19'),
(24, 1, 8, 2, '2019-12-18 10:48:39'),
(25, 5, 6, 1, '2019-12-18 10:50:28'),
(26, 22, 5, 2, '2019-12-18 10:54:17'),
(27, 26, 1, 33, '2019-12-18 12:33:15'),
(28, 26, 1, 33, '2019-12-18 12:33:20'),
(29, 1, 2, 1, '2019-12-18 17:27:51'),
(30, 6, 7, 1, '2019-12-18 17:28:21'),
(31, 6, 3, 1, '2019-12-18 17:28:46'),
(32, 5, 3, 1, '2019-12-18 17:29:02'),
(33, 6, 6, 1, '2019-12-18 17:29:07');

-- --------------------------------------------------------

--
-- Table structure for table `tasks`
--

CREATE TABLE `tasks` (
  `id` int(11) NOT NULL,
  `name` varchar(255) NOT NULL,
  `description` text NOT NULL,
  `assigned_to` int(11) NOT NULL,
  `project_id` int(11) NOT NULL,
  `client_id` int(11) NOT NULL,
  `category_id` int(11) NOT NULL,
  `start_date` date DEFAULT NULL,
  `end_date` date DEFAULT NULL,
  `actual_start_date` date DEFAULT NULL,
  `actual_end_date` date DEFAULT NULL,
  `task_status` int(11) NOT NULL DEFAULT 0,
  `approved_status` int(11) NOT NULL DEFAULT 0,
  `created_by` int(11) NOT NULL,
  `approved_at` timestamp NULL DEFAULT NULL,
  `approved_by` int(11) NOT NULL,
  `created_at` timestamp NOT NULL DEFAULT current_timestamp(),
  `updated_at` timestamp NOT NULL DEFAULT current_timestamp() ON UPDATE current_timestamp()
) ENGINE=InnoDB DEFAULT CHARSET=utf8mb4;

--
-- Dumping data for table `tasks`
--

INSERT INTO `tasks` (`id`, `name`, `description`, `assigned_to`, `project_id`, `client_id`, `category_id`, `start_date`, `end_date`, `actual_start_date`, `actual_end_date`, `task_status`, `approved_status`, `created_by`, `approved_at`, `approved_by`, `created_at`, `updated_at`) VALUES
(4, 'ok-Nov 19', 'adfasd', 2, 1, 1, 1, '2020-01-02', '2020-01-05', '2020-01-03', '2020-01-08', 1, 1, 4, '2019-12-08 07:41:23', 1, '2019-12-02 12:11:15', '2020-01-02 20:23:04'),
(5, 'ok2-Array', 'ok2', 8, 4, 1, 1, '2020-01-06', '2020-01-17', '2020-01-07', NULL, 0, 1, 4, '2019-12-08 07:45:47', 1, '2019-12-02 12:12:48', '2020-01-02 21:44:29'),
(7, 'safdas-limonads-April', 'ooooooooo', 2, 5, 0, 0, '2019-11-01', '2019-12-25', '2019-12-06', NULL, 1, 1, 4, '2019-12-02 23:32:56', 1, '2019-12-02 12:16:54', '2019-12-17 07:41:09'),
(9, 'dfdasf-Dec 19', 'ass', 4, 4, 0, 0, '2019-12-16', '2019-12-19', '2019-12-17', NULL, 0, 1, 1, '2019-12-02 23:32:52', 1, '2019-12-02 13:12:28', '2019-12-05 13:22:06'),
(19, 'jnhfggfhfg-Apr 19', 'fhnfghfg', 4, 0, 0, 0, '2019-12-18', '2019-12-19', NULL, NULL, 0, 1, 1, '2019-12-08 10:19:55', 1, '2019-12-03 11:38:23', '2019-12-23 05:18:09'),
(20, 'sfsdfsdf-Dec 19', 'sdfsdfsdf', 4, 0, 0, 0, '2019-12-09', '2019-12-12', NULL, NULL, 2, 1, 1, NULL, 1, '2019-12-03 12:46:04', '2019-12-23 05:18:16'),
(22, 'sdfdsafsdafsd-', 'sfsdfdsf', 8, 0, 0, 1, '2019-12-18', '2019-12-19', NULL, NULL, 0, 1, 1, NULL, 1, '2019-12-03 12:51:04', '2019-12-04 12:05:39'),
(23, 'asdfsd-Project 2', 'assd', 4, 2, 2, 0, '2019-12-21', '2019-12-25', NULL, NULL, 0, 1, 1, NULL, 1, '2019-12-03 12:51:47', '2019-12-23 09:17:55'),
(25, 'asdfsd-Project 2', 'assd', 4, 2, 0, 0, '2019-12-17', '2019-12-19', NULL, NULL, 0, 1, 1, NULL, 1, '2019-12-03 12:52:36', '2019-12-03 12:52:36'),
(26, 'new task-new poroject', 'zfcasdf', 8, 4, 2, 0, '2019-12-12', '2019-12-20', NULL, NULL, 0, 1, 1, NULL, 1, '2019-12-04 13:26:29', '2019-12-04 13:26:29'),
(27, 'new task-new poroject', 'zfcasdf', 8, 4, 2, 0, '2019-12-12', '2019-12-20', NULL, NULL, 0, 1, 1, NULL, 1, '2019-12-04 13:28:32', '2019-12-04 13:28:32'),
(28, 'ertrt-Dec 19', 'ertet', 2, 0, 1, 1, '2019-11-01', '2019-12-18', '2019-12-05', NULL, 2, 1, 1, NULL, 1, '2019-12-04 13:30:49', '2019-12-06 21:16:01'),
(29, 'ertrt-Dec 19', 'ertet', 2, 0, 0, 2, '2019-12-23', '2019-12-26', '2019-12-05', NULL, 2, 1, 1, NULL, 1, '2019-12-04 13:31:02', '2019-12-23 05:18:33'),
(30, 'task1-Dec 19', 'ertet', 2, 0, 0, 2, '2019-12-23', '2019-12-28', NULL, NULL, 0, 1, 1, NULL, 1, '2019-12-04 13:31:18', '2019-12-23 11:47:29'),
(31, 'task2-Dec 19', 'ertet', 2, 0, 0, 2, '2019-12-05', '2019-12-18', '2019-12-05', '2019-12-05', 2, 1, 1, NULL, 1, '2019-12-04 13:31:24', '2019-12-05 13:22:14'),
(32, 'task3-Dec 19', 'ertet', 2, 0, 0, 2, '2019-12-05', '2019-12-18', '2019-12-05', NULL, 4, 1, 1, NULL, 1, '2019-12-04 13:31:31', '2019-12-07 00:18:35'),
(33, 'requestTask Lim-Project 1', 'dzvd', 11, 1, 1, 2, '2019-12-18', '2019-12-20', NULL, NULL, 0, 1, 2, '2019-12-08 11:09:16', 1, '2019-12-05 13:53:05', '2019-12-08 11:09:16'),
(34, 'ghdghdf-Project 2', 'ass', 2, 2, 1, 0, '2019-12-17', '2019-12-21', NULL, NULL, 0, 1, 0, '2019-12-09 09:16:20', 1, '2019-12-08 06:54:17', '2019-12-23 05:18:49'),
(35, 'ghdghdf-Project 2', 'ass', 2, 2, 1, 0, '2019-12-17', '2019-12-28', NULL, NULL, 0, 1, 0, '2019-12-09 09:16:44', 1, '2019-12-08 06:54:22', '2019-12-23 05:19:02'),
(36, 'ghdghdf-Project 2', 'ass', 2, 2, 1, 0, '2019-12-17', '2019-12-26', NULL, NULL, 0, 1, 0, '2019-12-09 09:16:39', 1, '2019-12-08 06:54:24', '2019-12-23 05:19:08'),
(37, 'ghdghdf-Project 2', 'ass', 2, 2, 1, 0, '2019-12-17', '2019-12-24', NULL, NULL, 0, 1, 0, '2019-12-09 09:16:39', 1, '2019-12-08 06:54:28', '2019-12-23 05:19:12'),
(38, 'ccc-with datepicker-', 'dzsg', 2, 6, 1, 1, '2019-12-18', '2019-12-19', NULL, NULL, 0, 1, 0, '2019-12-08 07:56:20', 1, '2019-12-08 07:06:14', '2019-12-08 07:56:20'),
(39, 'task by mahmadur-new poroject', 'sff', 1, 4, 1, 1, '2019-12-18', '2019-12-19', NULL, NULL, 0, 1, 17, '2019-12-08 07:59:24', 1, '2019-12-08 07:55:13', '2019-12-08 07:59:24'),
(40, 'sfgsd-Dec 19', 'fdsg', 4, 0, 1, 2, '2019-12-03', '2019-12-19', NULL, NULL, 0, 1, 0, '2019-12-09 09:16:39', 1, '2019-12-08 08:14:04', '2019-12-23 05:19:21'),
(41, 'sfgsd-Dec 19', 'fdsg', 4, 0, 1, 2, '2019-12-02', '2019-12-19', NULL, NULL, 0, 1, 0, '2019-12-09 09:16:39', 1, '2019-12-08 08:16:00', '2019-12-23 05:19:26'),
(46, 'newww-Project 3', 'xdvsf', 11, 3, 1, 2, '2019-12-03', '2019-12-04', NULL, NULL, 0, 1, 1, NULL, 1, '2019-12-08 09:30:44', '2019-12-08 09:30:44'),
(47, 'dsfcdas-Project 3', 'sdfdsarwerewrewfasdfadaedfrwerrwerewrwerewrewrwe', 2, 3, 1, 2, '2019-12-11', '2019-12-11', '2019-12-17', NULL, 0, 1, 1, NULL, 1, '2019-12-08 09:46:30', '2019-12-17 07:42:07'),
(48, 'dsfcdas-Project 3', 'sdfdsarwerewrewfasdfadaedfrwerrwerewrwerewrewrwe', 2, 3, 1, 2, '2019-12-11', '2019-12-11', '2019-12-17', NULL, 0, 1, 1, NULL, 1, '2019-12-08 09:46:41', '2019-12-17 07:42:12'),
(49, 'dfasdfds-new poroject', 'retret', 16, 4, 1, 1, '2019-12-18', '2019-12-26', NULL, NULL, 0, 1, 1, NULL, 1, '2019-12-08 09:47:50', '2019-12-08 09:47:50'),
(50, 'sdgdf-Dec 19', 'sdfdsf', 8, 0, 1, 1, '2019-12-19', '2019-12-12', NULL, NULL, 0, 1, 1, NULL, 1, '2019-12-08 10:20:30', '2019-12-08 10:20:30');

-- --------------------------------------------------------

--
-- Table structure for table `task_categories`
--

CREATE TABLE `task_categories` (
  `id` int(11) NOT NULL,
  `name` varchar(255) NOT NULL,
  `description` text NOT NULL,
  `created_at` timestamp NOT NULL DEFAULT current_timestamp(),
  `updated_at` timestamp NOT NULL DEFAULT current_timestamp()
) ENGINE=InnoDB DEFAULT CHARSET=utf8mb4;

--
-- Dumping data for table `task_categories`
--

INSERT INTO `task_categories` (`id`, `name`, `description`, `created_at`, `updated_at`) VALUES
(1, 'task Categories 1', '', '2019-12-04 11:00:47', '2019-12-04 11:00:47'),
(3, 'task Categories 2', '', '2019-12-04 11:00:47', '2019-12-04 11:00:47'),
(4, 'task Categories 3', '', '2019-12-04 11:00:47', '2019-12-04 11:00:47'),
(10, 'turyurt', 'ytrytr', '2019-12-09 10:29:21', '2019-12-09 10:29:21'),
(11, 'tyrty', 'rytry', '2019-12-09 10:41:50', '2019-12-09 10:41:50'),
(13, 'etyert', 'rtete', '2019-12-09 10:45:36', '2019-12-09 10:45:36'),
(14, 'sdfs', 'fdsfds', '2019-12-09 10:46:57', '2019-12-09 10:46:57'),
(17, 'tryrytr', 'ytryrty', '2019-12-09 11:35:15', '2019-12-09 11:35:15'),
(18, 'ok3344', 'sfd', '2019-12-09 11:35:33', '2019-12-09 11:35:33'),
(19, 'sds', 'sdf', '2019-12-09 11:50:09', '2019-12-09 11:50:09'),
(20, 'sds', 'sdf', '2019-12-09 11:52:29', '2019-12-09 11:52:29'),
(21, 'sds', 'sdf', '2019-12-09 11:52:49', '2019-12-09 11:52:49'),
(22, 'sdfsdfsd  l', 'fsdfsd  l', '2019-12-09 12:05:46', '2019-12-09 12:05:46'),
(23, 'fghfhfrgef', 'fghgfhdgdf', '2019-12-09 12:08:33', '2019-12-09 12:08:33'),
(24, 'rtytr ok bolbo na', 'bolbo na', '2019-12-09 12:08:40', '2019-12-09 12:08:40'),
(25, 'ki bolo', 'ki bolo', '2019-12-09 12:12:03', '2019-12-09 12:12:03'),
(28, 'cg', 'hdfgfd', '2019-12-18 06:04:54', '2019-12-18 06:04:54');

-- --------------------------------------------------------

--
-- Table structure for table `task_status`
--

CREATE TABLE `task_status` (
  `id` int(11) NOT NULL,
  `status` varchar(200) NOT NULL
) ENGINE=InnoDB DEFAULT CHARSET=utf8mb4;

--
-- Dumping data for table `task_status`
--

INSERT INTO `task_status` (`id`, `status`) VALUES
(1, 'Status 1'),
(2, 'Status 2'),
(3, 'status 3'),
(4, 'status 4');

-- --------------------------------------------------------

--
-- Table structure for table `task_status_updated_history`
--

CREATE TABLE `task_status_updated_history` (
  `id` int(11) NOT NULL,
  `task_id` int(11) NOT NULL,
  `status_id` int(11) NOT NULL,
  `updated_by` int(11) NOT NULL,
  `updated_at` timestamp NOT NULL DEFAULT current_timestamp() ON UPDATE current_timestamp()
) ENGINE=InnoDB DEFAULT CHARSET=utf8mb4;

--
-- Dumping data for table `task_status_updated_history`
--

INSERT INTO `task_status_updated_history` (`id`, `task_id`, `status_id`, `updated_by`, `updated_at`) VALUES
(1, 28, 2, 2, '2019-12-06 21:16:01'),
(2, 29, 2, 2, '2019-12-06 21:16:27'),
(3, 29, 4, 2, '2019-12-06 21:16:55'),
(4, 29, 2, 2, '2019-12-06 21:17:04'),
(5, 7, 1, 2, '2019-12-17 07:41:10');

-- --------------------------------------------------------

--
-- Table structure for table `temp_emp_attendance`
--

CREATE TABLE `temp_emp_attendance` (
  `id` int(11) NOT NULL,
  `emp_id` int(11) NOT NULL,
  `at_date` date NOT NULL,
  `c_in` time DEFAULT NULL,
  `c_out` time DEFAULT NULL,
  `status` varchar(55) NOT NULL,
  `approved_1` int(11) NOT NULL,
  `approved_2` int(11) NOT NULL,
  `approved_3` int(11) NOT NULL,
  `notes` varchar(255) NOT NULL
) ENGINE=InnoDB DEFAULT CHARSET=latin1;

--
-- Dumping data for table `temp_emp_attendance`
--

INSERT INTO `temp_emp_attendance` (`id`, `emp_id`, `at_date`, `c_in`, `c_out`, `status`, `approved_1`, `approved_2`, `approved_3`, `notes`) VALUES
(1, 1, '2019-08-25', '10:30:00', '21:00:00', 'p', 0, 0, 1, ''),
(2, 2, '2019-08-25', '11:01:00', '20:00:00', 'p', 0, 0, 1, ''),
(3, 4, '2019-08-25', '11:29:00', '20:00:00', 'l', 0, 0, 1, ''),
(4, 5, '2019-08-25', NULL, NULL, 'a', 0, 0, 1, ''),
(5, 6, '2019-08-25', '11:01:00', '19:01:00', 'p', 0, 0, 1, ''),
(6, 7, '2019-08-25', NULL, NULL, 'a', 0, 0, 1, ''),
(7, 8, '2019-08-25', '10:30:00', '20:00:00', 'p', 0, 0, 1, ''),
(8, 9, '2019-08-25', NULL, NULL, 'a', 0, 0, 1, ''),
(9, 10, '2019-08-25', '11:29:00', '19:00:00', 'l', 0, 0, 1, ''),
(10, 11, '2019-08-25', NULL, NULL, 'a', 0, 0, 1, ''),
(11, 12, '2019-08-25', '12:00:00', '22:00:00', 'l', 0, 0, 1, ''),
(12, 13, '2019-08-25', '10:00:00', '19:30:00', 'p', 0, 0, 1, ''),
(13, 14, '2019-08-25', '10:01:00', '19:30:00', 'p', 0, 0, 1, ''),
(14, 15, '2019-08-25', NULL, NULL, 'a', 0, 0, 1, ''),
(15, 16, '2019-08-25', '11:00:00', '23:01:00', 'p', 0, 0, 1, ''),
(16, 17, '2019-08-25', '11:01:00', '20:01:00', 'p', 0, 0, 1, ''),
(17, 18, '2019-08-25', '10:30:00', '21:00:00', 'p', 0, 0, 1, ''),
(18, 19, '2019-08-25', '11:01:00', '20:00:00', 'p', 0, 0, 1, ''),
(19, 20, '2019-08-25', '09:00:00', '18:01:00', 'p', 0, 0, 1, ''),
(20, 22, '2019-08-25', NULL, NULL, 'a', 0, 0, 1, ''),
(21, 1, '2019-08-01', '11:26:00', '20:00:00', 'l', 0, 0, 1, ''),
(22, 2, '2019-08-01', '10:40:00', '19:16:00', 'p', 0, 0, 1, ''),
(23, 4, '2019-08-01', '14:17:00', '21:01:00', 'l', 0, 0, 1, ''),
(24, 5, '2019-08-01', '12:03:00', '19:58:00', 'l', 0, 0, 1, ''),
(25, 6, '2019-08-01', '11:46:00', '19:19:00', 'l', 0, 0, 1, ''),
(26, 7, '2019-08-01', '12:03:00', '20:00:00', 'l', 0, 0, 1, ''),
(27, 8, '2019-08-01', '11:00:00', '19:37:00', 'p', 0, 0, 1, ''),
(28, 9, '2019-08-01', '12:03:00', '20:17:00', 'l', 0, 0, 1, ''),
(29, 10, '2019-08-01', '11:39:00', '20:00:00', 'p', 0, 0, 1, ''),
(30, 11, '2019-08-01', NULL, NULL, 'a', 0, 0, 1, ''),
(31, 12, '2019-08-01', '11:54:00', '21:05:00', 'l', 0, 0, 1, ''),
(32, 13, '2019-08-01', '10:00:00', '20:06:00', 'p', 0, 0, 1, ''),
(33, 14, '2019-08-01', '10:37:00', '20:00:00', 'p', 0, 0, 1, ''),
(34, 15, '2019-08-01', '11:38:00', '19:32:00', 'l', 0, 0, 1, ''),
(35, 16, '2019-08-01', '10:00:00', '20:05:00', 'p', 0, 0, 1, ''),
(36, 17, '2019-08-01', '11:00:00', '20:00:00', 'p', 0, 0, 1, ''),
(37, 18, '2019-08-01', '10:24:00', '20:08:00', 'p', 0, 0, 1, ''),
(38, 19, '2019-08-01', '10:07:00', '21:03:00', 'p', 0, 0, 1, ''),
(39, 20, '2019-08-01', '09:50:00', '18:19:00', 'p', 0, 0, 1, ''),
(40, 22, '2019-08-01', NULL, NULL, 'a', 0, 0, 1, ''),
(41, 1, '2019-08-04', '11:26:00', '21:00:00', 'l', 0, 0, 1, ''),
(42, 2, '2019-08-04', '10:40:00', '19:16:00', 'p', 0, 0, 1, ''),
(43, 4, '2019-08-04', NULL, NULL, 'sl', 0, 0, 1, ''),
(44, 5, '2019-08-04', '23:41:00', '19:58:00', 'l', 0, 0, 1, ''),
(45, 6, '2019-08-04', '11:00:00', '19:19:00', 'p', 0, 0, 1, ''),
(46, 7, '2019-08-04', '23:34:00', '20:00:00', 'l', 0, 0, 1, ''),
(47, 8, '2019-08-04', '11:32:00', '19:37:00', 'l', 0, 0, 1, ''),
(48, 9, '2019-08-04', '12:03:00', '20:17:00', 'l', 0, 0, 1, ''),
(49, 10, '2019-08-04', '11:39:00', '20:00:00', 'l', 0, 0, 1, ''),
(50, 11, '2019-08-04', '11:45:00', '19:10:00', 'l', 0, 0, 1, ''),
(51, 12, '2019-08-04', NULL, NULL, 'a', 0, 0, 1, ''),
(52, 13, '2019-08-04', '10:00:00', '20:06:00', 'p', 0, 0, 1, ''),
(53, 14, '2019-08-04', '11:37:00', '20:00:00', 'l', 0, 0, 1, ''),
(54, 15, '2019-08-04', '11:27:00', '19:32:00', 'l', 0, 0, 1, ''),
(55, 16, '2019-08-04', '10:00:00', '20:05:00', 'p', 0, 0, 1, ''),
(56, 17, '2019-08-04', '11:46:00', '20:00:00', 'l', 0, 0, 1, ''),
(57, 18, '2019-08-04', '10:24:00', '20:08:00', 'p', 0, 0, 1, ''),
(58, 19, '2019-08-04', '10:07:00', '21:03:00', 'p', 0, 0, 1, ''),
(59, 20, '2019-08-04', '09:50:00', '18:19:00', 'p', 0, 0, 1, ''),
(60, 22, '2019-08-04', NULL, NULL, 'a', 0, 0, 1, ''),
(61, 1, '2019-08-05', '11:20:00', '21:00:00', 'l', 0, 0, 1, ''),
(62, 2, '2019-08-05', '10:48:00', '19:16:00', 'p', 0, 0, 1, ''),
(63, 4, '2019-08-05', '11:35:00', '20:29:00', 'l', 0, 0, 1, ''),
(64, 5, '2019-08-05', '23:41:00', '19:58:00', 'l', 0, 0, 1, ''),
(65, 6, '2019-08-05', '11:39:00', '19:42:00', 'l', 0, 0, 1, ''),
(66, 7, '2019-08-05', '23:07:00', '19:00:00', 'p', 0, 0, 1, ''),
(67, 8, '2019-08-05', '11:03:00', '19:37:00', 'p', 0, 0, 1, ''),
(68, 9, '2019-08-05', '23:31:00', '20:17:00', 'l', 0, 0, 1, ''),
(69, 10, '2019-08-05', '11:39:00', '20:00:00', 'l', 0, 0, 1, ''),
(70, 11, '2019-08-05', '13:11:00', '19:37:00', 'l', 0, 0, 1, ''),
(71, 12, '2019-08-05', '11:05:00', '20:12:00', 'p', 0, 0, 1, ''),
(72, 13, '2019-08-05', '10:00:00', '20:06:00', 'p', 0, 0, 1, ''),
(73, 14, '2019-08-05', '11:37:00', '20:00:00', 'l', 0, 0, 1, ''),
(74, 15, '2019-08-05', '11:22:00', '19:32:00', 'l', 0, 0, 1, ''),
(75, 16, '2019-08-05', '10:00:00', '20:05:00', 'p', 0, 0, 1, ''),
(76, 17, '2019-08-05', NULL, NULL, 'a', 0, 0, 1, ''),
(77, 18, '2019-08-05', '10:24:00', '20:08:00', 'p', 0, 0, 1, ''),
(78, 19, '2019-08-05', '10:07:00', '21:03:00', 'p', 0, 0, 1, ''),
(79, 20, '2019-08-05', '09:50:00', '18:19:00', 'p', 0, 0, 1, ''),
(80, 22, '2019-08-05', NULL, NULL, 'a', 0, 0, 1, ''),
(81, 1, '2019-08-06', '11:28:00', '20:22:00', 'l', 0, 0, 1, ''),
(82, 2, '2019-08-06', '11:48:00', '20:16:00', 'p', 0, 0, 1, ''),
(83, 4, '2019-08-06', '00:00:00', '20:29:00', 'l', 0, 0, 1, ''),
(84, 5, '2019-08-06', '23:35:00', '19:58:00', 'l', 0, 0, 1, ''),
(85, 6, '2019-08-06', '11:14:00', '19:42:00', 'p', 0, 0, 1, ''),
(86, 7, '2019-08-06', '11:18:00', '19:00:00', 'l', 0, 0, 1, ''),
(87, 8, '2019-08-06', '11:54:00', '19:37:00', 'l', 0, 0, 1, ''),
(88, 9, '2019-08-06', '11:00:00', '20:00:00', 'p', 0, 0, 1, ''),
(89, 10, '2019-08-06', '11:07:00', '20:00:00', 'p', 0, 0, 1, ''),
(90, 11, '2019-08-06', '23:11:00', '19:37:00', 'l', 0, 0, 1, ''),
(91, 12, '2019-08-06', '11:05:00', '20:12:00', 'p', 0, 0, 1, ''),
(92, 13, '2019-08-06', '10:00:00', '20:06:00', 'p', 0, 0, 1, ''),
(93, 14, '2019-08-06', '11:37:00', '20:00:00', 'l', 0, 0, 1, ''),
(94, 15, '2019-08-06', '11:27:00', '19:32:00', 'l', 0, 0, 1, ''),
(95, 16, '2019-08-06', '10:00:00', '20:05:00', 'p', 0, 0, 1, ''),
(96, 17, '2019-08-06', '11:22:00', '19:48:00', 'l', 0, 0, 1, ''),
(97, 18, '2019-08-06', '10:24:00', '20:08:00', 'p', 0, 0, 1, ''),
(98, 19, '2019-08-06', '10:07:00', '21:03:00', 'p', 0, 0, 1, ''),
(99, 20, '2019-08-06', '09:50:00', '18:19:00', 'p', 0, 0, 1, ''),
(100, 22, '2019-08-06', NULL, NULL, 'a', 0, 0, 1, ''),
(101, 1, '2019-08-07', '11:13:00', '20:50:00', 'p', 0, 0, 1, ''),
(102, 2, '2019-08-07', '11:35:00', '20:16:00', 'p', 0, 0, 1, ''),
(103, 4, '2019-08-07', '11:42:00', '20:29:00', 'l', 0, 0, 1, ''),
(104, 5, '2019-08-07', '23:35:00', '19:58:00', 'l', 0, 0, 1, ''),
(105, 6, '2019-08-07', '11:14:00', '19:42:00', 'p', 0, 0, 1, ''),
(106, 7, '2019-08-07', '11:18:00', '19:00:00', 'l', 0, 0, 1, ''),
(107, 8, '2019-08-07', '11:54:00', '19:37:00', 'l', 0, 0, 1, ''),
(108, 9, '2019-08-07', '11:00:00', '20:00:00', 'p', 0, 0, 1, ''),
(109, 10, '2019-08-07', '11:07:00', '20:00:00', 'p', 0, 0, 1, ''),
(110, 11, '2019-08-07', '11:08:00', '19:37:00', 'p', 0, 0, 1, ''),
(111, 12, '2019-08-07', '10:54:00', '20:12:00', 'p', 0, 0, 1, ''),
(112, 13, '2019-08-07', '10:00:00', '20:06:00', 'p', 0, 0, 1, ''),
(113, 14, '2019-08-07', '11:07:00', '20:00:00', 'p', 0, 0, 1, ''),
(114, 15, '2019-08-07', '11:27:00', '19:32:00', 'l', 0, 0, 1, ''),
(115, 16, '2019-08-07', '10:00:00', '20:05:00', 'p', 0, 0, 1, ''),
(116, 17, '2019-08-07', '11:08:00', '19:48:00', 'p', 0, 0, 1, ''),
(117, 18, '2019-08-07', '10:24:00', '20:08:00', 'p', 0, 0, 1, ''),
(118, 19, '2019-08-07', '10:07:00', '21:03:00', 'p', 0, 0, 1, ''),
(119, 20, '2019-08-07', '09:50:00', '18:19:00', 'p', 0, 0, 1, ''),
(120, 22, '2019-08-07', NULL, NULL, 'a', 0, 0, 1, ''),
(121, 1, '2019-08-08', '10:31:00', '21:32:00', 'p', 0, 0, 1, ''),
(122, 2, '2019-08-08', '11:09:00', '20:16:00', 'p', 0, 0, 1, ''),
(123, 4, '2019-08-08', '11:05:00', '20:29:00', 'p', 0, 0, 1, ''),
(124, 5, '2019-08-08', '23:59:00', '19:58:00', 'l', 0, 0, 1, ''),
(125, 6, '2019-08-08', '11:20:00', '19:42:00', 'l', 0, 0, 1, ''),
(126, 7, '2019-08-08', '11:33:00', '19:00:00', 'l', 0, 0, 1, ''),
(127, 8, '2019-08-08', '11:04:00', '19:37:00', 'p', 0, 0, 1, ''),
(128, 9, '2019-08-08', '11:27:00', '20:00:00', 'l', 0, 0, 1, ''),
(129, 10, '2019-08-08', '11:07:00', '20:00:00', 'p', 0, 0, 1, ''),
(130, 11, '2019-08-08', '11:13:00', '19:15:00', 'p', 0, 0, 1, ''),
(131, 12, '2019-08-08', '10:54:00', '20:12:00', 'p', 0, 0, 1, ''),
(132, 13, '2019-08-08', '10:00:00', '20:06:00', 'p', 0, 0, 1, ''),
(133, 14, '2019-08-08', '11:07:00', '20:00:00', 'p', 0, 0, 1, ''),
(134, 15, '2019-08-08', '11:27:00', '19:32:00', 'l', 0, 0, 1, ''),
(135, 16, '2019-08-08', '10:00:00', '20:05:00', 'p', 0, 0, 1, ''),
(136, 17, '2019-08-08', '11:08:00', '19:48:00', 'p', 0, 0, 1, ''),
(137, 18, '2019-08-08', '10:24:00', '20:08:00', 'p', 0, 0, 1, ''),
(138, 19, '2019-08-08', '10:07:00', '21:03:00', 'p', 0, 0, 1, ''),
(139, 20, '2019-08-08', '09:50:00', '18:19:00', 'p', 0, 0, 1, ''),
(140, 22, '2019-08-08', NULL, NULL, 'a', 0, 0, 1, ''),
(141, 23, '2019-08-01', '11:00:00', '19:19:00', 'p', 0, 0, 1, ''),
(142, 23, '2019-08-04', '11:30:00', '19:19:00', 'l', 0, 0, 1, ''),
(143, 23, '2019-08-05', '11:20:00', '19:19:00', 'l', 0, 0, 1, ''),
(144, 23, '2019-08-06', '11:00:00', '19:19:00', 'p', 0, 0, 1, ''),
(145, 23, '2019-08-07', '11:35:00', '20:09:00', 'l', 0, 0, 1, ''),
(146, 23, '2019-08-08', '11:00:00', '20:09:00', 'p', 0, 0, 1, ''),
(147, 23, '2019-08-25', '11:00:00', '20:09:00', 'p', 0, 0, 1, ''),
(148, 1, '2019-08-18', '11:24:00', '19:50:00', 'l', 0, 0, 1, ''),
(149, 2, '2019-08-18', '11:00:00', '19:44:00', 'p', 0, 0, 1, ''),
(150, 4, '2019-08-18', '11:01:00', '19:28:00', 'p', 0, 0, 1, ''),
(151, 5, '2019-08-18', NULL, NULL, 'a', 0, 0, 1, ''),
(152, 6, '2019-08-18', '10:40:00', '19:01:00', 'p', 0, 0, 1, ''),
(153, 7, '2019-08-18', '12:37:00', '20:00:00', 'l', 0, 0, 1, ''),
(154, 8, '2019-08-18', '11:00:00', '19:20:00', 'p', 0, 0, 1, ''),
(155, 9, '2019-08-18', NULL, NULL, 'a', 0, 0, 1, ''),
(156, 10, '2019-08-18', NULL, NULL, 'a', 0, 0, 1, ''),
(157, 11, '2019-08-18', '11:06:00', '19:31:00', 'p', 0, 0, 1, ''),
(158, 12, '2019-08-18', '11:01:00', '19:53:00', 'p', 0, 0, 1, ''),
(159, 13, '2019-08-18', '10:00:00', '19:16:00', 'p', 0, 0, 1, ''),
(160, 14, '2019-08-18', '10:31:00', '19:37:00', 'p', 0, 0, 1, ''),
(161, 15, '2019-08-18', '10:39:00', '19:33:00', 'p', 0, 0, 1, ''),
(162, 16, '2019-08-18', NULL, NULL, 'a', 0, 0, 1, ''),
(163, 17, '2019-08-18', '11:00:00', '19:03:00', 'p', 0, 0, 1, ''),
(164, 18, '2019-08-18', NULL, NULL, 'a', 0, 0, 1, ''),
(165, 19, '2019-08-18', '10:06:00', '20:02:00', 'p', 0, 0, 1, ''),
(166, 20, '2019-08-18', '10:02:00', '18:07:00', 'p', 0, 0, 1, ''),
(167, 22, '2019-08-18', NULL, NULL, 'a', 0, 0, 1, ''),
(168, 23, '2019-08-18', '11:05:00', '19:16:00', 'p', 0, 0, 1, ''),
(169, 1, '2019-08-19', '10:24:00', '18:50:00', 'p', 0, 0, 1, ''),
(170, 2, '2019-08-19', '11:00:00', '19:44:00', 'p', 0, 0, 1, ''),
(171, 4, '2019-08-19', '11:01:00', '19:28:00', 'p', 0, 0, 1, ''),
(172, 5, '2019-08-19', '11:39:00', '19:37:00', 'l', 0, 0, 1, ''),
(173, 6, '2019-08-19', '11:40:00', '19:57:00', 'l', 0, 0, 1, ''),
(174, 7, '2019-08-19', '23:12:00', '20:00:00', 'p', 0, 0, 1, ''),
(175, 8, '2019-08-19', '10:20:00', '19:20:00', 'p', 0, 0, 1, ''),
(176, 9, '2019-08-19', '11:00:00', '19:00:00', 'p', 0, 0, 1, ''),
(177, 10, '2019-08-19', NULL, NULL, 'a', 0, 0, 1, ''),
(178, 11, '2019-08-19', '11:47:00', '20:31:00', 'l', 0, 0, 1, ''),
(179, 12, '2019-08-19', '10:50:00', '20:53:00', 'p', 0, 0, 1, ''),
(180, 13, '2019-08-19', '10:00:00', '19:16:00', 'p', 0, 0, 1, ''),
(181, 14, '2019-08-19', '10:31:00', '20:19:00', 'p', 0, 0, 1, ''),
(182, 15, '2019-08-19', '11:39:00', '19:33:00', 'l', 0, 0, 1, ''),
(183, 16, '2019-08-19', NULL, NULL, 'a', 0, 0, 1, ''),
(184, 17, '2019-08-19', '11:00:00', '19:03:00', 'p', 0, 0, 1, ''),
(185, 18, '2019-08-19', NULL, NULL, 'a', 0, 0, 1, ''),
(186, 19, '2019-08-19', '10:06:00', '20:02:00', 'p', 0, 0, 1, ''),
(187, 20, '2019-08-19', '10:02:00', '18:07:00', 'p', 0, 0, 1, ''),
(188, 22, '2019-08-19', NULL, NULL, 'a', 0, 0, 1, ''),
(189, 23, '2019-08-19', '10:36:00', '20:08:00', 'p', 0, 0, 1, ''),
(190, 1, '2019-08-20', '10:35:00', '20:50:00', 'p', 0, 0, 1, ''),
(191, 2, '2019-08-20', '11:07:00', '19:37:00', 'p', 0, 0, 1, ''),
(192, 4, '2019-08-20', '11:34:00', '20:28:00', 'l', 0, 0, 1, ''),
(193, 5, '2019-08-20', '11:57:00', '19:37:00', 'l', 0, 0, 1, ''),
(194, 6, '2019-08-20', NULL, NULL, 'a', 0, 0, 1, ''),
(195, 7, '2019-08-20', '23:34:00', '20:00:00', 'l', 0, 0, 1, ''),
(196, 8, '2019-08-20', '10:45:00', '19:20:00', 'p', 0, 0, 1, ''),
(197, 9, '2019-08-20', NULL, NULL, 'a', 0, 0, 1, ''),
(198, 10, '2019-08-20', NULL, NULL, 'a', 0, 0, 1, ''),
(199, 11, '2019-08-20', '00:01:00', '19:31:00', 'l', 0, 0, 1, ''),
(200, 12, '2019-08-20', NULL, NULL, 'a', 0, 0, 1, ''),
(201, 13, '2019-08-20', '10:00:00', '19:16:00', 'p', 0, 0, 1, ''),
(202, 14, '2019-08-20', '10:31:00', '20:19:00', 'p', 0, 0, 1, ''),
(203, 15, '2019-08-20', '11:39:00', '19:33:00', 'l', 0, 0, 1, ''),
(204, 16, '2019-08-20', NULL, NULL, 'a', 0, 0, 1, ''),
(205, 17, '2019-08-20', '11:00:00', '19:03:00', 'p', 0, 0, 1, ''),
(206, 18, '2019-08-20', NULL, NULL, 'a', 0, 0, 1, ''),
(207, 19, '2019-08-20', '10:06:00', '20:02:00', 'p', 0, 0, 1, ''),
(208, 20, '2019-08-20', '10:02:00', '18:07:00', 'p', 0, 0, 1, ''),
(209, 22, '2019-08-20', NULL, NULL, 'a', 0, 0, 1, ''),
(210, 23, '2019-08-20', '11:03:00', '20:08:00', 'p', 0, 0, 1, ''),
(211, 1, '2019-08-21', '10:11:00', '20:16:00', 'p', 0, 0, 1, ''),
(212, 2, '2019-08-21', '11:03:00', '19:52:00', 'p', 0, 0, 1, ''),
(213, 4, '2019-08-21', '11:53:00', '20:15:00', 'l', 0, 0, 1, ''),
(214, 5, '2019-08-21', NULL, NULL, 'a', 0, 0, 1, ''),
(215, 6, '2019-08-21', '11:42:00', '19:41:00', 'l', 0, 0, 1, ''),
(216, 7, '2019-08-21', '23:59:00', '20:00:00', 'l', 0, 0, 1, ''),
(217, 8, '2019-08-21', '11:09:00', '19:20:00', 'p', 0, 0, 1, ''),
(218, 9, '2019-08-21', NULL, NULL, 'a', 0, 0, 1, ''),
(219, 10, '2019-08-21', '11:43:00', '08:00:00', 'l', 0, 0, 1, ''),
(220, 11, '2019-08-21', '11:02:00', '19:31:00', 'p', 0, 0, 1, ''),
(221, 12, '2019-08-21', '11:05:00', '20:04:00', 'p', 0, 0, 1, ''),
(222, 13, '2019-08-21', '10:00:00', '19:16:00', 'p', 0, 0, 1, ''),
(223, 14, '2019-08-21', '10:43:00', '20:19:00', 'p', 0, 0, 1, ''),
(224, 15, '2019-08-21', NULL, NULL, 'a', 0, 0, 1, ''),
(225, 16, '2019-08-21', NULL, NULL, 'a', 0, 0, 1, ''),
(226, 17, '2019-08-21', '11:31:00', '20:03:00', 'l', 0, 0, 1, ''),
(227, 18, '2019-08-21', '10:31:00', '20:02:00', 'p', 0, 0, 1, ''),
(228, 19, '2019-08-21', '10:06:00', '20:02:00', 'p', 0, 0, 1, ''),
(229, 20, '2019-08-21', '10:02:00', '18:07:00', 'p', 0, 0, 1, ''),
(230, 22, '2019-08-21', NULL, NULL, 'a', 0, 0, 1, ''),
(231, 23, '2019-08-21', '11:09:00', '19:41:00', 'p', 0, 0, 1, ''),
(232, 1, '2019-08-22', '10:21:00', '20:52:00', 'p', 0, 0, 1, ''),
(233, 2, '2019-08-22', '11:08:00', '19:52:00', 'p', 0, 0, 1, ''),
(234, 4, '2019-08-22', '11:09:00', '20:15:00', 'p', 0, 0, 1, ''),
(235, 5, '2019-08-22', '12:05:00', '20:04:00', 'l', 0, 0, 1, ''),
(236, 6, '2019-08-22', '10:42:00', '19:41:00', 'p', 0, 0, 1, ''),
(237, 7, '2019-08-22', NULL, NULL, 'a', 0, 0, 1, ''),
(238, 8, '2019-08-22', '10:36:00', '19:20:00', 'p', 0, 0, 1, ''),
(239, 9, '2019-08-22', NULL, NULL, 'a', 0, 0, 1, ''),
(240, 10, '2019-08-22', '11:18:00', '07:14:00', 'l', 0, 0, 1, ''),
(241, 11, '2019-08-22', '00:38:00', '20:31:00', 'l', 0, 0, 1, ''),
(242, 12, '2019-08-22', '11:45:00', '20:51:00', 'l', 0, 0, 1, ''),
(243, 13, '2019-08-22', '10:00:00', '19:16:00', 'p', 0, 0, 1, ''),
(244, 14, '2019-08-22', '11:43:00', '20:19:00', 'l', 0, 0, 1, ''),
(245, 15, '2019-08-22', '12:00:00', '19:39:00', 'l', 0, 0, 1, ''),
(246, 16, '2019-08-22', '10:58:00', '21:00:00', 'p', 0, 0, 1, ''),
(247, 17, '2019-08-22', '10:31:00', '20:03:00', 'p', 0, 0, 1, ''),
(248, 18, '2019-08-22', '10:31:00', '20:02:00', 'p', 0, 0, 1, ''),
(249, 19, '2019-08-22', '10:06:00', '20:02:00', 'p', 0, 0, 1, ''),
(250, 20, '2019-08-22', '10:02:00', '18:07:00', 'p', 0, 0, 1, ''),
(251, 22, '2019-08-22', NULL, NULL, 'a', 0, 0, 1, ''),
(252, 23, '2019-08-22', '11:51:00', '20:18:00', 'l', 0, 0, 1, ''),
(253, 1, '2019-08-26', '10:22:00', '21:00:00', 'p', 0, 0, 1, ''),
(254, 2, '2019-08-26', '11:00:00', '20:00:00', 'p', 0, 0, 1, ''),
(255, 4, '2019-08-26', '11:40:00', '20:05:00', 'l', 0, 0, 1, ''),
(256, 5, '2019-08-26', '12:03:00', '20:00:00', 'l', 0, 0, 1, ''),
(257, 6, '2019-08-26', '11:00:00', '19:42:00', 'p', 0, 0, 1, ''),
(258, 7, '2019-08-26', NULL, NULL, 'a', 0, 0, 1, ''),
(259, 8, '2019-08-26', '10:47:00', '20:00:00', 'p', 0, 0, 1, ''),
(260, 9, '2019-08-26', NULL, NULL, 'a', 0, 0, 1, ''),
(261, 10, '2019-08-26', '11:49:00', '19:48:00', 'l', 0, 0, 1, ''),
(262, 11, '2019-08-26', NULL, NULL, 'a', 0, 0, 1, ''),
(263, 12, '2019-08-26', '11:47:00', '21:04:00', 'l', 0, 0, 1, ''),
(264, 13, '2019-08-26', '10:34:00', '19:39:00', 'p', 0, 0, 1, ''),
(265, 14, '2019-08-26', '10:34:00', '19:53:00', 'p', 0, 0, 1, ''),
(266, 15, '2019-08-26', '11:11:00', '19:10:00', 'p', 0, 0, 1, ''),
(267, 16, '2019-08-26', '09:58:00', '21:58:00', 'p', 0, 0, 1, ''),
(268, 17, '2019-08-26', '11:05:00', '20:03:00', 'p', 0, 0, 1, ''),
(269, 18, '2019-08-26', '10:21:00', '21:01:00', 'p', 0, 0, 1, ''),
(270, 19, '2019-08-26', '10:21:00', '20:56:00', 'p', 0, 0, 1, ''),
(271, 20, '2019-08-26', '09:58:00', '18:26:00', 'p', 0, 0, 1, ''),
(272, 22, '2019-08-26', NULL, NULL, 'a', 0, 0, 1, ''),
(273, 23, '2019-08-26', '11:20:00', '19:47:00', 'l', 0, 0, 1, ''),
(274, 1, '2019-08-27', '11:34:00', '20:50:00', 'l', 0, 0, 1, ''),
(275, 2, '2019-08-27', '11:44:00', '19:51:00', 'l', 0, 0, 1, ''),
(276, 4, '2019-08-27', '11:28:00', '20:59:00', 'l', 0, 0, 1, ''),
(277, 5, '2019-08-27', '12:58:00', '20:20:00', 'l', 0, 0, 1, ''),
(278, 6, '2019-08-27', '12:59:00', '19:58:00', 'l', 0, 0, 1, ''),
(279, 7, '2019-08-27', NULL, NULL, 'a', 0, 0, 1, ''),
(280, 8, '2019-08-27', '10:59:00', '20:00:00', 'p', 0, 0, 1, ''),
(281, 9, '2019-08-27', NULL, NULL, 'a', 0, 0, 1, ''),
(282, 10, '2019-08-27', '11:00:00', '19:58:00', 'p', 0, 0, 1, ''),
(283, 11, '2019-08-27', NULL, NULL, 'a', 0, 0, 1, ''),
(284, 12, '2019-08-27', '10:58:00', '20:59:00', 'p', 0, 0, 1, ''),
(285, 13, '2019-08-27', '10:33:00', '19:58:00', 'p', 0, 0, 1, ''),
(286, 14, '2019-08-27', NULL, NULL, 'cl', 0, 0, 1, ''),
(287, 15, '2019-08-27', '11:30:00', '19:22:00', 'l', 0, 0, 1, ''),
(288, 16, '2019-08-27', '10:59:00', '21:59:00', 'p', 0, 0, 1, ''),
(289, 17, '2019-08-27', '11:00:00', '19:38:00', 'p', 0, 0, 1, ''),
(290, 18, '2019-08-27', '10:59:00', '20:59:00', 'p', 0, 0, 1, ''),
(291, 19, '2019-08-27', '11:00:00', '20:02:00', 'p', 0, 0, 1, ''),
(292, 20, '2019-08-27', '10:00:00', '19:00:00', 'p', 0, 0, 1, ''),
(293, 22, '2019-08-27', NULL, NULL, 'a', 0, 0, 1, ''),
(294, 23, '2019-08-27', NULL, NULL, 'cl', 0, 0, 1, ''),
(295, 1, '2019-08-28', '10:33:00', '20:50:00', 'p', 0, 0, 1, ''),
(296, 2, '2019-08-28', '11:38:00', '19:51:00', 'l', 0, 0, 1, ''),
(297, 4, '2019-08-28', '11:28:00', '20:59:00', 'l', 0, 0, 1, ''),
(298, 5, '2019-08-28', '12:58:00', '20:20:00', 'l', 0, 0, 1, ''),
(299, 6, '2019-08-28', NULL, NULL, 'a', 0, 0, 1, ''),
(300, 7, '2019-08-28', NULL, NULL, 'a', 0, 0, 1, ''),
(301, 8, '2019-08-28', '10:59:00', '20:00:00', 'p', 0, 0, 1, ''),
(302, 9, '2019-08-28', NULL, NULL, 'a', 0, 0, 1, ''),
(303, 10, '2019-08-28', '11:59:00', '19:58:00', 'l', 0, 0, 1, ''),
(304, 11, '2019-08-28', '12:01:00', '19:59:00', 'l', 0, 0, 1, ''),
(305, 12, '2019-08-28', '11:58:00', '20:59:00', 'l', 0, 0, 1, ''),
(306, 13, '2019-08-28', '10:33:00', '19:58:00', 'p', 0, 0, 1, ''),
(307, 14, '2019-08-28', '11:48:00', '20:01:00', 'l', 0, 0, 1, ''),
(308, 15, '2019-08-28', '11:30:00', '19:22:00', 'l', 0, 0, 1, ''),
(309, 16, '2019-08-28', '10:59:00', '21:59:00', 'p', 0, 0, 1, ''),
(310, 17, '2019-08-28', '11:59:00', '19:38:00', 'l', 0, 0, 1, ''),
(311, 18, '2019-08-28', '10:59:00', '20:59:00', 'p', 0, 0, 1, ''),
(312, 19, '2019-08-28', '11:00:00', '20:02:00', 'p', 0, 0, 1, ''),
(313, 20, '2019-08-28', '10:00:00', '19:00:00', 'p', 0, 0, 1, ''),
(314, 22, '2019-08-28', NULL, NULL, 'a', 0, 0, 1, ''),
(315, 23, '2019-08-28', '11:49:00', '20:22:00', 'l', 0, 0, 1, ''),
(316, 1, '2019-08-29', '10:33:00', '20:50:00', 'p', 0, 0, 1, ''),
(317, 2, '2019-08-29', NULL, NULL, 'a', 0, 0, 1, ''),
(318, 4, '2019-08-29', '11:53:00', '20:59:00', 'l', 0, 0, 1, ''),
(319, 5, '2019-08-29', '12:58:00', '20:20:00', 'l', 0, 0, 1, ''),
(320, 6, '2019-08-29', '10:59:00', '19:47:00', 'p', 0, 0, 1, ''),
(321, 7, '2019-08-29', NULL, NULL, 'a', 0, 0, 1, ''),
(322, 8, '2019-08-29', '11:38:00', '20:00:00', 'l', 0, 0, 1, ''),
(323, 9, '2019-08-29', NULL, NULL, 'a', 0, 0, 1, ''),
(324, 10, '2019-08-29', '11:59:00', '19:58:00', 'l', 0, 0, 1, ''),
(325, 11, '2019-08-29', NULL, NULL, 'a', 0, 0, 1, ''),
(326, 12, '2019-08-29', '11:32:00', '20:59:00', 'l', 0, 0, 1, ''),
(327, 13, '2019-08-29', '10:33:00', '19:58:00', 'p', 0, 0, 1, ''),
(328, 14, '2019-08-29', '10:48:00', '20:01:00', 'p', 0, 0, 1, ''),
(329, 15, '2019-08-29', '11:18:00', '19:22:00', 'l', 0, 0, 1, ''),
(330, 16, '2019-08-29', '10:59:00', '21:59:00', 'p', 0, 0, 1, ''),
(331, 17, '2019-08-29', '10:59:00', '19:38:00', 'p', 0, 0, 1, ''),
(332, 18, '2019-08-29', '10:59:00', '20:59:00', 'p', 0, 0, 1, ''),
(333, 19, '2019-08-29', '11:00:00', '20:02:00', 'p', 0, 0, 1, ''),
(334, 20, '2019-08-29', '10:00:00', '19:00:00', 'p', 0, 0, 1, ''),
(335, 22, '2019-08-29', '11:03:00', '20:01:00', 'p', 0, 0, 1, ''),
(336, 23, '2019-08-29', '11:34:00', '20:22:00', 'l', 0, 0, 1, ''),
(337, 1, '2019-09-01', '11:00:00', '20:00:00', 'p', 0, 0, 1, ''),
(338, 2, '2019-09-01', '11:01:00', '20:09:00', 'p', 0, 0, 1, ''),
(339, 4, '2019-09-01', NULL, NULL, 'a', 0, 0, 1, ''),
(340, 6, '2019-09-01', '11:04:00', '19:22:00', 'p', 0, 0, 1, ''),
(341, 8, '2019-09-01', '11:30:00', '19:30:00', 'l', 0, 0, 1, ''),
(342, 10, '2019-09-01', '11:20:00', '20:00:00', 'l', 0, 0, 1, ''),
(343, 11, '2019-09-01', NULL, NULL, 'a', 0, 0, 1, ''),
(344, 12, '2019-09-01', '11:11:00', '21:00:00', 'p', 0, 0, 1, ''),
(345, 13, '2019-09-01', '11:00:00', '21:00:00', 'p', 0, 0, 1, ''),
(346, 14, '2019-09-01', '11:11:00', '19:02:00', 'p', 0, 0, 1, ''),
(347, 15, '2019-09-01', '11:33:00', '19:10:00', 'l', 0, 0, 1, ''),
(348, 16, '2019-09-01', '10:11:00', '22:11:00', 'p', 0, 0, 1, ''),
(349, 17, '2019-09-01', '11:00:00', '20:00:00', 'p', 0, 0, 1, ''),
(350, 18, '2019-09-01', '11:11:00', '19:50:00', 'p', 0, 0, 1, ''),
(351, 19, '2019-09-01', '11:11:00', '21:01:00', 'p', 0, 0, 1, ''),
(352, 20, '2019-09-01', '11:11:00', '21:01:00', 'p', 0, 0, 1, ''),
(353, 22, '2019-09-01', NULL, NULL, 'a', 0, 0, 1, ''),
(354, 23, '2019-09-01', '11:00:00', '21:00:00', 'p', 0, 0, 1, ''),
(355, 1, '2019-09-02', '11:00:00', '20:00:00', 'p', 0, 0, 1, ''),
(356, 2, '2019-09-02', '11:01:00', '20:09:00', 'p', 0, 0, 1, ''),
(357, 4, '2019-09-02', '12:01:00', '21:00:00', 'l', 0, 0, 1, ''),
(358, 6, '2019-09-02', '11:40:00', '19:22:00', 'l', 0, 0, 1, ''),
(359, 8, '2019-09-02', '11:30:00', '19:30:00', 'l', 0, 0, 1, ''),
(360, 10, '2019-09-02', NULL, NULL, 'a', 0, 0, 1, ''),
(361, 11, '2019-09-02', NULL, NULL, 'a', 0, 0, 1, ''),
(362, 12, '2019-09-02', '11:30:00', '21:00:00', 'l', 0, 0, 1, ''),
(363, 13, '2019-09-02', '11:00:00', '21:00:00', 'p', 0, 0, 1, ''),
(364, 14, '2019-09-02', '11:11:00', '19:02:00', 'p', 0, 0, 1, ''),
(365, 15, '2019-09-02', '11:35:00', '19:10:00', 'l', 0, 0, 1, ''),
(366, 16, '2019-09-02', '10:11:00', '22:11:00', 'p', 0, 0, 1, ''),
(367, 17, '2019-09-02', '11:15:00', '20:00:00', 'p', 0, 0, 1, ''),
(368, 18, '2019-09-02', '11:11:00', '19:50:00', 'p', 0, 0, 1, ''),
(369, 19, '2019-09-02', '11:11:00', '21:01:00', 'p', 0, 0, 1, ''),
(370, 20, '2019-09-02', '11:11:00', '21:01:00', 'p', 0, 0, 1, ''),
(371, 22, '2019-09-02', NULL, NULL, 'a', 0, 0, 1, ''),
(372, 23, '2019-09-02', '11:00:00', '21:00:00', 'p', 0, 0, 1, ''),
(373, 1, '2019-09-03', '11:00:00', '20:00:00', 'p', 0, 0, 1, ''),
(374, 2, '2019-09-03', '11:10:00', '20:09:00', 'p', 0, 0, 1, ''),
(375, 4, '2019-09-03', '11:30:00', '21:00:00', 'l', 0, 0, 1, ''),
(376, 6, '2019-09-03', '11:00:00', '19:22:00', 'p', 0, 0, 1, ''),
(377, 8, '2019-09-03', '11:00:00', '19:30:00', 'p', 0, 0, 1, ''),
(378, 10, '2019-09-03', '11:00:00', '20:00:00', 'p', 0, 0, 1, ''),
(379, 11, '2019-09-03', '12:03:00', '20:00:00', 'l', 0, 0, 1, ''),
(380, 12, '2019-09-03', '11:15:00', '21:00:00', 'l', 0, 0, 1, ''),
(381, 13, '2019-09-03', '11:00:00', '21:00:00', 'p', 0, 0, 1, ''),
(382, 14, '2019-09-03', '11:11:00', '19:02:00', 'p', 0, 0, 1, ''),
(383, 15, '2019-09-03', '11:00:00', '19:10:00', 'p', 0, 0, 1, ''),
(384, 16, '2019-09-03', '10:11:00', '22:11:00', 'p', 0, 0, 1, ''),
(385, 17, '2019-09-03', '11:40:00', '20:00:00', 'l', 0, 0, 1, ''),
(386, 18, '2019-09-03', '11:11:00', '19:50:00', 'p', 0, 0, 1, ''),
(387, 19, '2019-09-03', '11:11:00', '21:01:00', 'p', 0, 0, 1, ''),
(388, 20, '2019-09-03', '11:11:00', '21:01:00', 'p', 0, 0, 1, ''),
(389, 22, '2019-09-03', NULL, NULL, 'a', 0, 0, 1, ''),
(390, 23, '2019-09-03', '11:10:00', '21:00:00', 'p', 0, 0, 1, ''),
(391, 1, '2019-09-04', '11:00:00', '20:00:00', 'p', 0, 0, 1, ''),
(392, 2, '2019-09-04', '11:10:00', '20:09:00', 'p', 0, 0, 1, ''),
(393, 4, '2019-09-04', '11:00:00', '21:00:00', 'p', 0, 0, 1, ''),
(394, 6, '2019-09-04', '11:00:00', '19:22:00', 'p', 0, 0, 1, ''),
(395, 8, '2019-09-04', '11:40:00', '19:30:00', 'l', 0, 0, 1, ''),
(396, 10, '2019-09-04', '15:01:00', '20:00:00', 'l', 0, 0, 1, ''),
(397, 11, '2019-09-04', NULL, NULL, 'a', 0, 0, 1, ''),
(398, 12, '2019-09-04', '11:15:00', '21:00:00', 'p', 0, 0, 1, ''),
(399, 13, '2019-09-04', '11:00:00', '21:00:00', 'p', 0, 0, 1, ''),
(400, 14, '2019-09-04', '11:00:00', '19:02:00', 'p', 0, 0, 1, ''),
(401, 15, '2019-09-04', '10:50:00', '19:10:00', 'p', 0, 0, 1, ''),
(402, 16, '2019-09-04', '10:11:00', '22:11:00', 'p', 0, 0, 1, ''),
(403, 17, '2019-09-04', '11:00:00', '20:00:00', 'p', 0, 0, 1, ''),
(404, 18, '2019-09-04', '11:11:00', '19:50:00', 'p', 0, 0, 1, ''),
(405, 19, '2019-09-04', '11:11:00', '21:01:00', 'p', 0, 0, 1, ''),
(406, 20, '2019-09-04', '11:11:00', '21:01:00', 'p', 0, 0, 1, ''),
(407, 22, '2019-09-04', NULL, NULL, 'a', 0, 0, 1, ''),
(408, 23, '2019-09-04', '00:00:00', '20:00:00', 'l', 0, 0, 1, ''),
(409, 1, '2019-09-05', '10:50:00', '20:00:00', 'p', 0, 0, 1, ''),
(410, 2, '2019-09-05', '11:10:00', '20:09:00', 'p', 0, 0, 1, ''),
(411, 4, '2019-09-05', '00:00:00', '21:00:00', 'l', 0, 0, 1, ''),
(412, 6, '2019-09-05', '00:40:00', '19:22:00', 'l', 0, 0, 1, ''),
(413, 8, '2019-09-05', '11:00:00', '19:30:00', 'p', 0, 0, 1, ''),
(414, 10, '2019-09-05', '15:01:00', '20:00:00', 'l', 0, 0, 1, ''),
(415, 11, '2019-09-05', '14:59:00', '20:01:00', 'p', 0, 0, 1, ''),
(416, 12, '2019-09-05', '00:10:00', '21:00:00', 'l', 0, 0, 1, ''),
(417, 13, '2019-09-05', '11:00:00', '21:00:00', 'p', 0, 0, 1, ''),
(418, 14, '2019-09-05', '11:00:00', '19:02:00', 'p', 0, 0, 1, ''),
(419, 15, '2019-09-05', NULL, NULL, 'cl', 0, 0, 1, ''),
(420, 16, '2019-09-05', '10:11:00', '22:11:00', 'p', 0, 0, 1, ''),
(421, 17, '2019-09-05', '11:00:00', '20:00:00', 'p', 0, 0, 1, ''),
(422, 18, '2019-09-05', '11:11:00', '19:50:00', 'p', 0, 0, 1, ''),
(423, 19, '2019-09-05', '11:11:00', '21:01:00', 'p', 0, 0, 1, ''),
(424, 20, '2019-09-05', '11:11:00', '21:01:00', 'p', 0, 0, 1, ''),
(425, 22, '2019-09-05', '12:58:00', '19:58:00', 'p', 0, 0, 1, ''),
(426, 23, '2019-09-05', '11:00:00', '20:00:00', 'p', 0, 0, 1, ''),
(427, 1, '2019-09-08', '10:50:00', '20:30:00', 'p', 0, 0, 1, ''),
(428, 2, '2019-09-08', '11:12:00', '20:09:00', 'p', 0, 0, 1, ''),
(429, 4, '2019-09-08', '11:30:00', '21:00:00', 'l', 0, 0, 1, ''),
(430, 6, '2019-09-08', '10:40:00', '19:22:00', 'p', 0, 0, 1, ''),
(431, 8, '2019-09-08', '11:00:00', '19:30:00', 'p', 0, 0, 1, ''),
(432, 10, '2019-09-08', '15:01:00', '20:00:00', 'l', 0, 0, 1, ''),
(433, 11, '2019-09-08', '22:51:00', '20:01:00', 'p', 0, 0, 1, ''),
(434, 12, '2019-09-08', '11:50:00', '21:00:00', 'l', 0, 0, 1, ''),
(435, 13, '2019-09-08', '11:00:00', '21:00:00', 'p', 0, 0, 1, ''),
(436, 14, '2019-09-08', '11:48:00', '19:02:00', 'l', 0, 0, 1, ''),
(437, 15, '2019-09-08', '11:00:00', '19:20:00', 'p', 0, 0, 1, ''),
(438, 16, '2019-09-08', '10:11:00', '22:11:00', 'p', 0, 0, 1, ''),
(439, 17, '2019-09-08', '11:40:00', '20:00:00', 'l', 0, 0, 1, ''),
(440, 18, '2019-09-08', '11:11:00', '19:50:00', 'p', 0, 0, 1, ''),
(441, 19, '2019-09-08', '11:11:00', '21:01:00', 'p', 0, 0, 1, ''),
(442, 20, '2019-09-08', '11:11:00', '21:01:00', 'p', 0, 0, 1, ''),
(443, 22, '2019-09-08', NULL, NULL, 'a', 0, 0, 1, ''),
(444, 23, '2019-09-08', '11:12:00', '20:00:00', 'p', 0, 0, 1, ''),
(445, 1, '2019-09-09', '11:50:00', '20:30:00', 'l', 0, 0, 1, ''),
(446, 2, '2019-09-09', '11:37:00', '20:50:00', 'l', 0, 0, 1, ''),
(447, 4, '2019-09-09', '11:22:00', '21:00:00', 'l', 0, 0, 1, ''),
(448, 6, '2019-09-09', '11:18:00', '20:22:00', 'l', 0, 0, 1, ''),
(449, 8, '2019-09-09', '11:19:00', '19:30:00', 'l', 0, 0, 1, ''),
(450, 10, '2019-09-09', '23:00:00', '20:00:00', 'p', 0, 0, 1, ''),
(451, 11, '2019-09-09', NULL, NULL, 'a', 0, 0, 1, ''),
(452, 12, '2019-09-09', '10:30:00', '21:00:00', 'p', 0, 0, 1, ''),
(453, 13, '2019-09-09', '11:00:00', '21:00:00', 'p', 0, 0, 1, ''),
(454, 14, '2019-09-09', '11:18:00', '19:02:00', 'l', 0, 0, 1, ''),
(455, 15, '2019-09-09', '11:20:00', '19:20:00', 'l', 0, 0, 1, ''),
(456, 16, '2019-09-09', '10:11:00', '22:11:00', 'p', 0, 0, 1, ''),
(457, 17, '2019-09-09', '11:20:00', '20:00:00', 'l', 0, 0, 1, ''),
(458, 18, '2019-09-09', '11:11:00', '19:50:00', 'p', 0, 0, 1, ''),
(459, 19, '2019-09-09', '11:11:00', '21:01:00', 'p', 0, 0, 1, ''),
(460, 20, '2019-09-09', '11:11:00', '21:01:00', 'p', 0, 0, 1, ''),
(461, 22, '2019-09-09', NULL, NULL, 'a', 0, 0, 1, ''),
(462, 23, '2019-09-09', '11:37:00', '20:00:00', 'l', 0, 0, 1, ''),
(463, 1, '2019-09-11', '11:00:00', '21:00:00', 'p', 0, 0, 1, ''),
(464, 2, '2019-09-11', '11:15:00', '20:00:00', 'p', 0, 0, 1, ''),
(465, 4, '2019-09-11', '12:17:00', '20:00:00', 'l', 0, 0, 1, ''),
(466, 6, '2019-09-11', NULL, NULL, 'a', 0, 0, 1, ''),
(467, 8, '2019-09-11', '10:52:00', '20:00:00', 'p', 0, 0, 1, ''),
(468, 10, '2019-09-11', '11:15:00', '19:30:00', 'p', 0, 0, 1, ''),
(469, 11, '2019-09-11', NULL, NULL, 'a', 0, 0, 1, ''),
(470, 12, '2019-09-11', '11:25:00', '20:00:00', 'l', 0, 0, 1, ''),
(471, 13, '2019-09-11', NULL, NULL, 'a', 0, 0, 1, ''),
(472, 14, '2019-09-11', '11:00:00', '19:00:00', 'p', 0, 0, 1, ''),
(473, 15, '2019-09-11', '11:15:00', '19:30:00', 'p', 0, 0, 1, ''),
(474, 16, '2019-09-11', '11:00:00', '21:00:00', 'p', 0, 0, 1, ''),
(475, 17, '2019-09-11', '11:08:00', '20:00:00', 'p', 0, 0, 1, ''),
(476, 18, '2019-09-11', NULL, NULL, 'a', 0, 0, 1, ''),
(477, 19, '2019-09-11', '11:00:00', '19:00:00', 'p', 0, 0, 1, ''),
(478, 20, '2019-09-11', '11:00:00', '20:00:00', 'p', 0, 0, 1, ''),
(479, 22, '2019-09-11', NULL, NULL, 'a', 0, 0, 1, ''),
(480, 23, '2019-09-11', '11:15:00', '20:00:00', 'p', 0, 0, 1, ''),
(481, 1, '2019-09-12', '10:25:00', '20:03:00', 'p', 0, 0, 1, ''),
(482, 2, '2019-09-12', '01:00:00', '19:30:00', 'ml', 0, 0, 1, ''),
(483, 4, '2019-09-12', '11:00:00', '20:30:00', 'p', 0, 0, 1, ''),
(484, 6, '2019-09-12', '10:42:00', '19:22:00', 'p', 0, 0, 1, ''),
(485, 8, '2019-09-12', '11:00:00', '19:40:00', 'p', 0, 0, 1, ''),
(486, 10, '2019-09-12', '11:40:00', '20:00:00', 'l', 0, 0, 1, ''),
(487, 11, '2019-09-12', '14:00:00', '20:59:00', 'p', 0, 0, 1, ''),
(488, 12, '2019-09-12', '11:30:00', '20:30:00', 'l', 0, 0, 1, ''),
(489, 13, '2019-09-12', NULL, NULL, 'cl', 0, 0, 1, ''),
(490, 14, '2019-09-12', '11:00:00', '20:00:00', 'p', 0, 0, 1, ''),
(491, 15, '2019-09-12', NULL, NULL, 'cl', 0, 0, 1, ''),
(492, 16, '2019-09-12', '11:00:00', '22:00:00', 'p', 0, 0, 1, ''),
(493, 17, '2019-09-12', '10:46:00', '19:55:00', 'p', 0, 0, 1, ''),
(494, 18, '2019-09-12', NULL, NULL, 'a', 0, 0, 1, ''),
(495, 19, '2019-09-12', '11:00:00', '20:00:00', 'p', 0, 0, 1, ''),
(496, 20, '2019-09-12', '10:00:00', '19:00:00', 'p', 0, 0, 1, ''),
(497, 22, '2019-09-12', '14:59:00', '19:00:00', 'p', 0, 0, 1, ''),
(498, 23, '2019-09-12', '11:00:00', '20:00:00', 'p', 0, 0, 1, ''),
(499, 1, '2019-09-15', '11:50:00', '20:50:00', 'l', 0, 1, 1, ''),
(500, 2, '2019-09-15', '11:30:00', '19:40:00', 'l', 0, 1, 1, ''),
(501, 4, '2019-09-15', '12:10:00', '20:40:00', 'l', 0, 1, 1, ''),
(502, 6, '2019-09-15', '10:50:00', '19:20:00', 'p', 0, 1, 1, ''),
(503, 8, '2019-09-15', '10:50:00', '19:30:00', 'p', 0, 1, 1, ''),
(504, 10, '2019-09-15', '11:40:00', '15:00:00', 'l', 0, 1, 1, ''),
(505, 11, '2019-09-15', NULL, NULL, 'a', 0, 1, 1, ''),
(506, 12, '2019-09-15', '11:15:00', '20:30:00', 'p', 0, 1, 1, ''),
(507, 13, '2019-09-15', '10:00:00', '20:00:00', 'p', 0, 1, 1, ''),
(508, 14, '2019-09-15', '10:50:00', '20:00:00', 'p', 0, 1, 1, ''),
(509, 15, '2019-09-15', '11:22:00', '07:05:00', 'l', 0, 1, 1, ''),
(510, 16, '2019-09-15', '10:00:00', '20:00:00', 'p', 0, 1, 1, ''),
(511, 17, '2019-09-15', '10:35:00', '19:30:00', 'p', 0, 1, 1, ''),
(512, 18, '2019-09-15', NULL, NULL, 'a', 0, 1, 1, ''),
(513, 19, '2019-09-15', '11:50:00', '20:30:00', 'l', 0, 1, 1, ''),
(514, 20, '2019-09-15', '09:40:00', '18:00:00', 'p', 0, 1, 1, ''),
(515, 22, '2019-09-15', NULL, NULL, 'a', 0, 1, 1, ''),
(516, 23, '2019-09-15', '11:30:00', '20:00:00', 'l', 0, 1, 1, ''),
(517, 1, '2019-09-07', '12:00:00', '19:00:00', 'p', 0, 0, 1, '  '),
(518, 12, '2019-09-07', '23:00:00', '19:00:00', 'p', 0, 0, 1, '  '),
(519, 14, '2019-09-07', '13:00:00', '19:00:00', 'p', 0, 0, 1, '  '),
(520, 15, '2019-09-07', '12:00:00', '17:00:00', 'p', 0, 0, 1, '  '),
(521, 15, '2019-09-14', '12:00:00', '15:00:00', 'p', 0, 1, 1, '  '),
(522, 1, '2019-09-14', '12:00:00', '19:50:00', 'p', 0, 1, 1, '  '),
(523, 12, '2019-09-14', '22:50:00', '15:00:00', 'p', 0, 1, 1, '  '),
(524, 4, '2019-09-14', '14:00:00', '19:00:00', 'p', 0, 1, 1, '  '),
(525, 2, '2019-09-14', '13:00:00', '17:00:00', 'p', 0, 1, 1, '  ok'),
(526, 1, '2019-09-16', '10:45:00', '21:00:00', 'p', 0, 1, 1, ''),
(527, 2, '2019-09-16', '11:30:00', '20:30:00', 'l', 0, 1, 1, ''),
(528, 4, '2019-09-16', '12:00:00', '20:45:00', 'l', 0, 1, 1, ''),
(529, 6, '2019-09-16', '11:00:00', '19:50:00', 'p', 0, 1, 1, ''),
(530, 8, '2019-09-16', '11:25:00', '20:00:00', 'l', 0, 1, 1, ''),
(531, 10, '2019-09-16', NULL, NULL, 'a', 0, 1, 1, ''),
(532, 11, '2019-09-16', NULL, NULL, 'a', 0, 1, 1, ''),
(533, 12, '2019-09-16', '10:50:00', '20:50:00', 'p', 0, 1, 1, ''),
(534, 13, '2019-09-16', '10:00:00', '20:50:00', 'p', 0, 1, 1, ''),
(535, 14, '2019-09-16', '10:40:00', '20:20:00', 'p', 0, 1, 1, ''),
(536, 15, '2019-09-16', '11:00:00', '19:00:00', 'p', 0, 1, 1, ''),
(537, 16, '2019-09-16', '10:00:00', '20:00:00', 'p', 0, 1, 1, ''),
(538, 17, '2019-09-16', '11:10:00', '19:50:00', 'p', 0, 1, 1, ''),
(539, 19, '2019-09-16', '10:40:00', '20:30:00', 'p', 0, 1, 1, ''),
(540, 20, '2019-09-16', '09:50:00', '19:00:00', 'p', 0, 1, 1, ''),
(541, 22, '2019-09-16', NULL, NULL, 'a', 0, 1, 1, ''),
(542, 23, '2019-09-16', '11:30:00', '08:00:00', 'l', 0, 1, 1, ''),
(543, 1, '2019-09-17', '10:30:00', '21:59:00', 'p', 0, 1, 1, ''),
(544, 2, '2019-09-17', '10:50:00', '20:00:00', 'p', 0, 1, 1, ''),
(545, 4, '2019-09-17', '12:10:00', '20:30:00', 'l', 0, 1, 1, ''),
(546, 6, '2019-09-17', NULL, NULL, 'a', 0, 1, 1, ''),
(547, 8, '2019-09-17', '11:00:00', '19:01:00', 'p', 0, 1, 1, ''),
(548, 10, '2019-09-17', '11:15:00', '19:00:00', 'p', 0, 1, 1, ''),
(549, 11, '2019-09-17', '12:30:00', '20:00:00', 'p', 0, 1, 1, ''),
(550, 12, '2019-09-17', '10:15:00', '17:00:00', 'p', 0, 1, 1, ''),
(551, 13, '2019-09-17', '09:30:00', '21:05:00', 'p', 0, 1, 1, ''),
(552, 14, '2019-09-17', '10:00:00', '20:20:00', 'p', 0, 1, 1, ''),
(553, 15, '2019-09-17', '11:00:00', '19:00:00', 'p', 0, 1, 1, ''),
(554, 16, '2019-09-17', '10:59:00', '21:06:00', 'p', 0, 1, 1, ''),
(555, 17, '2019-09-17', '11:05:00', '20:00:00', 'p', 0, 1, 1, ''),
(556, 19, '2019-09-17', '11:00:00', '17:55:00', 'p', 0, 1, 1, ''),
(557, 20, '2019-09-17', '10:00:00', '18:50:00', 'p', 0, 1, 1, ''),
(558, 22, '2019-09-17', NULL, NULL, 'a', 0, 1, 1, ''),
(559, 23, '2019-09-17', '11:00:00', '20:00:00', 'p', 0, 1, 1, ''),
(560, 1, '2019-09-18', '11:40:00', '20:30:00', 'l', 0, 1, 1, ''),
(561, 2, '2019-09-18', '12:05:00', '19:40:00', 'l', 0, 1, 1, ''),
(562, 4, '2019-09-18', NULL, NULL, 'a', 0, 1, 1, ''),
(563, 6, '2019-09-18', NULL, NULL, 'a', 0, 1, 1, ''),
(564, 8, '2019-09-18', '11:35:00', '19:40:00', 'p', 0, 1, 1, ''),
(565, 10, '2019-09-18', '11:00:00', '19:07:00', 'p', 0, 1, 1, ''),
(566, 11, '2019-09-18', '12:00:00', '19:50:00', 'p', 0, 1, 1, ''),
(567, 12, '2019-09-18', '10:30:00', '20:30:00', 'p', 0, 1, 1, ''),
(568, 13, '2019-09-18', '10:20:00', '20:30:00', 'p', 0, 1, 1, ''),
(569, 14, '2019-09-18', '10:50:00', '20:00:00', 'p', 0, 1, 1, ''),
(570, 15, '2019-09-18', '11:15:00', '20:02:00', 'p', 0, 1, 1, ''),
(571, 16, '2019-09-18', '10:00:00', '20:30:00', 'p', 0, 1, 1, ''),
(572, 17, '2019-09-18', '11:00:00', '19:50:00', 'p', 0, 1, 1, ''),
(573, 19, '2019-09-18', '11:40:00', '20:30:00', 'l', 0, 1, 1, ''),
(574, 20, '2019-09-18', '09:50:00', '18:50:00', 'p', 0, 1, 1, ''),
(575, 22, '2019-09-18', NULL, NULL, 'a', 0, 1, 1, ''),
(576, 23, '2019-09-18', '12:05:00', '20:00:00', 'l', 0, 1, 1, ''),
(577, 1, '2019-09-19', '10:00:00', '20:30:00', 'p', 0, 1, 1, ''),
(578, 2, '2019-09-19', '12:00:00', '19:50:00', 'l', 0, 1, 1, ''),
(579, 4, '2019-09-19', '11:40:00', '20:30:00', 'l', 0, 1, 1, ''),
(580, 6, '2019-09-19', NULL, NULL, 'a', 0, 1, 1, ''),
(581, 8, '2019-09-19', '11:00:00', '19:50:00', 'p', 0, 1, 1, ''),
(582, 10, '2019-09-19', '11:05:00', '20:00:00', 'p', 0, 1, 1, ''),
(583, 11, '2019-09-19', NULL, NULL, 'a', 0, 1, 1, ''),
(584, 12, '2019-09-19', '11:40:00', '20:30:00', 'l', 0, 1, 1, ''),
(585, 13, '2019-09-19', '10:20:00', '20:00:00', 'p', 0, 1, 1, ''),
(586, 14, '2019-09-19', '10:50:00', '20:00:00', 'p', 0, 1, 1, ''),
(587, 15, '2019-09-19', NULL, NULL, 'cl', 0, 1, 1, ''),
(588, 16, '2019-09-19', '10:00:00', '20:00:00', 'p', 0, 1, 1, ''),
(589, 17, '2019-09-19', '10:50:00', '19:59:00', 'p', 0, 1, 1, ''),
(590, 19, '2019-09-19', '11:00:00', '20:30:00', 'p', 0, 1, 1, ''),
(591, 20, '2019-09-19', '09:40:00', '19:00:00', 'p', 0, 1, 1, ''),
(592, 22, '2019-09-19', '12:00:00', '19:00:00', 'p', 0, 1, 1, ''),
(593, 23, '2019-09-19', '12:00:00', '20:00:00', 'l', 0, 1, 1, ''),
(594, 1, '2019-09-22', '10:30:00', '20:00:00', 'p', 0, 1, 1, ''),
(595, 2, '2019-09-22', NULL, NULL, 'sl', 0, 1, 1, ''),
(596, 4, '2019-09-22', '11:50:00', '20:59:00', 'l', 0, 1, 1, ''),
(597, 8, '2019-09-22', '10:50:00', '19:30:00', 'p', 0, 1, 1, ''),
(598, 10, '2019-09-22', '12:10:00', '19:30:00', 'l', 0, 1, 1, ''),
(599, 11, '2019-09-22', NULL, NULL, 'a', 0, 1, 1, ''),
(600, 12, '2019-09-22', '11:00:00', '20:30:00', 'p', 0, 1, 1, ''),
(601, 13, '2019-09-22', '10:20:00', '20:20:00', 'p', 0, 1, 1, ''),
(602, 14, '2019-09-22', '10:20:00', '19:50:00', 'p', 0, 1, 1, ''),
(603, 15, '2019-09-22', NULL, NULL, 'a', 0, 1, 1, ''),
(604, 16, '2019-09-22', '10:00:00', '20:00:00', 'p', 0, 1, 1, ''),
(605, 17, '2019-09-22', '11:15:00', '19:30:00', 'p', 0, 1, 1, ''),
(606, 19, '2019-09-22', '10:20:00', '20:00:00', 'p', 0, 1, 1, ''),
(607, 20, '2019-09-22', '09:50:00', '19:00:00', 'p', 0, 1, 1, ''),
(608, 22, '2019-09-22', NULL, NULL, 'a', 0, 1, 1, ''),
(609, 23, '2019-09-22', '11:27:00', '18:50:00', 'l', 0, 1, 1, ''),
(610, 1, '2019-09-23', '11:35:00', '20:30:00', 'l', 0, 0, 1, ''),
(611, 2, '2019-09-23', '11:45:00', '19:20:00', 'l', 0, 0, 1, ''),
(612, 4, '2019-09-23', '12:10:00', '20:20:00', 'l', 0, 0, 1, ''),
(613, 8, '2019-09-23', '10:40:00', '19:20:00', 'p', 0, 0, 1, ''),
(614, 10, '2019-09-23', '11:00:00', '18:20:00', 'p', 0, 0, 1, ''),
(615, 11, '2019-09-23', NULL, NULL, 'a', 0, 0, 1, ''),
(616, 12, '2019-09-23', '11:00:00', '20:30:00', 'p', 0, 0, 1, ''),
(617, 13, '2019-09-23', '10:20:00', '19:45:00', 'p', 0, 0, 1, ''),
(618, 14, '2019-09-23', '10:45:00', '19:50:00', 'p', 0, 0, 1, ''),
(619, 15, '2019-09-23', '11:35:00', '19:40:00', 'l', 0, 0, 1, ''),
(620, 16, '2019-09-23', '10:00:00', '21:00:00', 'p', 0, 0, 1, ''),
(621, 17, '2019-09-23', '11:25:00', '20:00:00', 'l', 0, 0, 1, ''),
(622, 19, '2019-09-23', '10:25:00', '20:08:00', 'p', 0, 0, 1, ''),
(623, 20, '2019-09-23', '09:50:00', '19:00:00', 'p', 0, 0, 1, ''),
(624, 22, '2019-09-23', NULL, NULL, 'a', 0, 0, 1, ''),
(625, 23, '2019-09-23', NULL, NULL, 'sl', 0, 0, 1, ''),
(626, 1, '2019-09-21', '12:00:00', '20:20:00', 'p', 0, 0, 1, '  '),
(627, 8, '2019-09-21', '12:00:00', '20:20:00', 'p', 0, 0, 1, '  '),
(628, 1, '2019-09-24', '10:30:00', '20:55:00', 'p', 0, 0, 1, ''),
(629, 2, '2019-09-24', '11:25:00', '19:04:00', 'l', 0, 0, 1, ''),
(630, 4, '2019-09-24', '11:40:00', '20:20:00', 'l', 0, 0, 1, ''),
(631, 8, '2019-09-24', '11:25:00', '19:00:00', 'l', 0, 0, 1, ''),
(632, 10, '2019-09-24', NULL, NULL, 'sl', 0, 0, 1, ''),
(633, 11, '2019-09-24', NULL, NULL, 'a', 0, 0, 1, ''),
(634, 12, '2019-09-24', '11:00:00', '20:50:00', 'p', 0, 0, 1, ''),
(635, 13, '2019-09-24', '10:00:00', '20:00:00', 'p', 0, 0, 1, ''),
(636, 14, '2019-09-24', '10:30:00', '20:00:00', 'p', 0, 0, 1, ''),
(637, 15, '2019-09-24', '11:40:00', '20:00:00', 'l', 0, 0, 1, ''),
(638, 16, '2019-09-24', '10:00:00', '20:52:00', 'p', 0, 0, 1, ''),
(639, 17, '2019-09-24', '11:59:00', '19:50:00', 'p', 0, 0, 1, ''),
(640, 19, '2019-09-24', '10:59:00', '10:59:00', 'p', 0, 0, 1, ''),
(641, 20, '2019-09-24', '10:00:00', '20:22:00', 'p', 0, 0, 1, ''),
(642, 22, '2019-09-24', NULL, NULL, 'a', 0, 0, 1, ''),
(643, 23, '2019-09-24', '11:25:00', '20:20:00', 'l', 0, 0, 1, ''),
(644, 1, '2019-09-25', '10:30:00', '20:55:00', 'p', 0, 0, 1, ''),
(645, 2, '2019-09-25', '11:00:00', '19:04:00', 'p', 0, 0, 1, ''),
(646, 4, '2019-09-25', '11:00:00', '20:20:00', 'p', 0, 0, 1, ''),
(647, 8, '2019-09-25', NULL, NULL, 'a', 0, 0, 1, ''),
(648, 10, '2019-09-25', '11:00:00', '20:00:00', 'p', 0, 0, 1, ''),
(649, 11, '2019-09-25', '11:00:00', '20:00:00', 'p', 0, 0, 1, ''),
(650, 12, '2019-09-25', '11:00:00', '20:50:00', 'p', 0, 0, 1, ''),
(651, 13, '2019-09-25', '10:00:00', '20:00:00', 'p', 0, 0, 1, ''),
(652, 14, '2019-09-25', '10:30:00', '20:00:00', 'p', 0, 0, 1, ''),
(653, 15, '2019-09-25', '11:40:00', '20:00:00', 'p', 0, 0, 1, ''),
(654, 16, '2019-09-25', '10:00:00', '20:52:00', 'p', 0, 0, 1, ''),
(655, 17, '2019-09-25', '11:59:00', '19:50:00', 'p', 0, 0, 1, ''),
(656, 19, '2019-09-25', '10:59:00', '10:59:00', 'p', 0, 0, 1, ''),
(657, 20, '2019-09-25', '10:00:00', '20:22:00', 'p', 0, 0, 1, ''),
(658, 22, '2019-09-25', NULL, NULL, 'a', 0, 0, 1, ''),
(659, 23, '2019-09-25', '11:00:00', '19:00:00', 'p', 0, 0, 1, ''),
(660, 1, '2019-09-26', '11:00:00', '20:30:00', 'p', 0, 0, 1, ''),
(661, 2, '2019-09-26', '11:00:00', '19:20:00', 'p', 0, 0, 1, ''),
(662, 4, '2019-09-26', '11:00:00', '08:25:00', 'p', 0, 0, 1, ''),
(663, 8, '2019-09-26', NULL, NULL, 'a', 0, 0, 1, ''),
(664, 10, '2019-09-26', NULL, NULL, 'a', 0, 0, 1, ''),
(665, 11, '2019-09-26', NULL, NULL, 'a', 0, 0, 1, ''),
(666, 12, '2019-09-26', '11:02:00', '20:00:00', 'p', 0, 0, 1, ''),
(667, 13, '2019-09-26', '10:59:00', '21:00:00', 'p', 0, 0, 1, ''),
(668, 14, '2019-09-26', '10:00:00', '20:00:00', 'p', 0, 0, 1, ''),
(669, 15, '2019-09-26', NULL, NULL, 'cl', 0, 0, 1, ''),
(670, 16, '2019-09-26', '10:00:00', '19:45:00', 'p', 0, 0, 1, ''),
(671, 17, '2019-09-26', '11:01:00', '20:00:00', 'p', 0, 0, 1, ''),
(672, 19, '2019-09-26', '11:59:00', '20:08:00', 'p', 0, 0, 1, ''),
(673, 20, '2019-09-26', '08:00:00', '19:00:00', 'p', 0, 0, 1, ''),
(674, 22, '2019-09-26', '14:00:00', '18:00:00', 'p', 0, 0, 1, ''),
(675, 23, '2019-09-26', '10:58:00', '19:42:00', 'p', 0, 0, 1, ''),
(676, 1, '2019-09-29', '11:00:00', '20:30:00', 'p', 0, 0, 1, ''),
(677, 2, '2019-09-29', '11:25:00', '19:20:00', 'l', 0, 0, 1, ''),
(678, 4, '2019-09-29', '00:25:00', '08:25:00', 'l', 0, 0, 1, ''),
(679, 8, '2019-09-29', '11:20:00', '19:50:00', 'l', 0, 0, 1, ''),
(680, 10, '2019-09-29', '12:40:00', '19:00:00', 'l', 0, 0, 1, ''),
(681, 11, '2019-09-29', NULL, NULL, 'a', 0, 0, 1, ''),
(682, 12, '2019-09-29', '11:25:00', '20:00:00', 'l', 0, 0, 1, ''),
(683, 13, '2019-09-29', '10:59:00', '21:00:00', 'p', 0, 0, 1, ''),
(684, 14, '2019-09-29', '11:25:00', '20:00:00', 'l', 0, 0, 1, ''),
(685, 15, '2019-09-29', '23:30:00', '19:20:00', 'l', 0, 0, 1, ''),
(686, 16, '2019-09-29', '10:00:00', '19:45:00', 'p', 0, 0, 1, ''),
(687, 17, '2019-09-29', '11:01:00', '20:00:00', 'p', 0, 0, 1, ''),
(688, 19, '2019-09-29', '11:59:00', '20:08:00', 'p', 0, 0, 1, ''),
(689, 20, '2019-09-29', '08:00:00', '19:00:00', 'p', 0, 0, 1, ''),
(690, 22, '2019-09-29', NULL, NULL, 'a', 0, 0, 1, ''),
(691, 23, '2019-09-29', '11:25:00', '19:42:00', 'l', 0, 0, 1, ''),
(692, 1, '2019-09-30', '11:50:00', '21:00:00', 'l', 0, 0, 1, ''),
(693, 2, '2019-09-30', '11:20:00', '20:00:00', 'l', 0, 0, 1, ''),
(694, 4, '2019-09-30', '12:00:00', '20:20:00', 'l', 0, 0, 1, ''),
(695, 8, '2019-09-30', '11:00:00', '19:50:00', 'p', 0, 0, 1, ''),
(696, 10, '2019-09-30', '12:40:00', '20:00:00', 'l', 0, 0, 1, ''),
(697, 11, '2019-09-30', '17:00:00', '19:50:00', 'p', 0, 0, 1, ''),
(698, 12, '2019-09-30', '11:03:00', '21:00:00', 'p', 0, 0, 1, ''),
(699, 13, '2019-09-30', '10:20:00', '20:59:00', 'p', 0, 0, 1, ''),
(700, 14, '2019-09-30', '10:30:00', '20:20:00', 'p', 0, 0, 1, ''),
(701, 15, '2019-09-30', '11:00:00', '19:50:00', 'p', 0, 0, 1, ''),
(702, 16, '2019-09-30', '10:59:00', '22:59:00', 'p', 0, 0, 1, ''),
(703, 17, '2019-09-30', '11:00:00', '20:10:00', 'p', 0, 0, 1, ''),
(704, 19, '2019-09-30', '11:59:00', '21:02:00', 'p', 0, 0, 1, ''),
(705, 20, '2019-09-30', '10:00:00', '19:00:00', 'p', 0, 0, 1, ''),
(706, 22, '2019-09-30', NULL, NULL, 'a', 0, 0, 1, ''),
(707, 23, '2019-09-30', '11:20:00', '20:00:00', 'l', 0, 0, 1, ''),
(708, 1, '2019-09-28', '11:11:00', '21:00:00', 'p', 0, 1, 1, ' Saturday'),
(709, 12, '2019-09-28', '13:11:00', '21:00:00', 'p', 0, 1, 1, ' Saturday'),
(710, 1, '2019-10-01', '10:20:00', '20:20:00', 'p', 0, 0, 1, ''),
(711, 2, '2019-10-01', '11:40:00', '19:50:00', 'l', 0, 0, 1, ''),
(712, 4, '2019-10-01', '12:33:00', '20:00:00', 'l', 0, 0, 1, ''),
(713, 8, '2019-10-01', '11:00:00', '19:50:00', 'p', 0, 0, 1, ''),
(714, 10, '2019-10-01', '11:08:00', '19:00:00', 'p', 0, 0, 1, ''),
(715, 11, '2019-10-01', NULL, NULL, 'a', 0, 0, 1, ''),
(716, 12, '2019-10-01', '11:00:00', '20:30:00', 'p', 0, 0, 1, ''),
(717, 13, '2019-10-01', '10:30:00', '20:00:00', 'p', 0, 0, 1, ''),
(718, 14, '2019-10-01', '11:28:00', '19:40:00', 'l', 0, 0, 1, ''),
(719, 15, '2019-10-01', '11:03:00', '19:40:00', 'p', 0, 0, 1, ''),
(720, 16, '2019-10-01', '10:00:00', '20:00:00', 'p', 0, 0, 1, ''),
(721, 17, '2019-10-01', '11:15:00', '20:00:00', 'p', 0, 0, 1, ''),
(722, 19, '2019-10-01', '10:30:00', '20:20:00', 'p', 0, 0, 1, ''),
(723, 20, '2019-10-01', '09:50:00', '19:00:00', 'p', 0, 0, 1, ''),
(724, 22, '2019-10-01', NULL, NULL, 'a', 0, 0, 1, ''),
(725, 24, '2019-10-01', '15:00:00', '20:00:00', 'p', 0, 0, 1, ''),
(726, 25, '2019-10-01', '11:40:00', '19:00:00', 'l', 0, 0, 1, ''),
(727, 26, '2019-10-01', '10:50:00', '20:00:00', 'p', 0, 0, 1, ''),
(728, 1, '2019-10-02', '11:40:00', '21:00:00', 'l', 0, 1, 1, ''),
(729, 2, '2019-10-02', '11:07:00', '20:00:00', 'p', 0, 1, 1, ''),
(730, 4, '2019-10-02', '12:10:00', '20:20:00', 'l', 0, 1, 1, ''),
(731, 8, '2019-10-02', '11:10:00', '14:00:00', 'l', 0, 1, 1, ''),
(732, 10, '2019-10-02', NULL, NULL, 'a', 0, 1, 1, ''),
(733, 11, '2019-10-02', NULL, NULL, 'a', 0, 1, 1, ''),
(734, 12, '2019-10-02', '11:45:00', '20:50:00', 'l', 0, 1, 1, ''),
(735, 13, '2019-10-02', '10:20:00', '20:10:00', 'p', 0, 1, 1, ''),
(736, 14, '2019-10-02', '11:30:00', '20:00:00', 'l', 0, 1, 1, ''),
(737, 15, '2019-10-02', '11:00:00', '19:00:00', 'p', 0, 1, 1, ''),
(738, 16, '2019-10-02', '10:00:00', '20:00:00', 'p', 0, 1, 1, ''),
(739, 17, '2019-10-02', '11:01:00', '20:20:00', 'p', 0, 1, 1, ''),
(740, 19, '2019-10-02', '11:40:00', '20:20:00', 'p', 0, 1, 1, ''),
(741, 20, '2019-10-02', '09:50:00', '19:00:00', 'p', 0, 1, 1, ''),
(742, 22, '2019-10-02', NULL, NULL, 'a', 0, 1, 1, ''),
(743, 24, '2019-10-02', '03:00:00', '20:00:00', 'p', 0, 1, 1, ''),
(744, 25, '2019-10-02', '11:45:00', '19:00:00', 'l', 0, 1, 1, ''),
(745, 26, '2019-10-02', '11:07:00', '19:00:00', 'p', 0, 1, 1, ''),
(746, 1, '2019-10-03', '10:30:00', '20:30:00', 'p', 0, 0, 1, ''),
(747, 2, '2019-10-03', '00:20:00', '19:30:00', 'l', 0, 0, 1, ''),
(748, 4, '2019-10-03', '12:00:00', '20:00:00', 'l', 0, 0, 1, ''),
(749, 8, '2019-10-03', NULL, NULL, 'cl', 0, 0, 1, ''),
(750, 10, '2019-10-03', '11:00:00', '18:00:00', 'p', 0, 0, 1, ''),
(751, 11, '2019-10-03', '16:00:00', '20:00:00', 'l', 0, 0, 1, ''),
(752, 12, '2019-10-03', '11:30:00', '20:20:00', 'l', 0, 0, 1, ''),
(753, 13, '2019-10-03', '10:00:00', '20:00:00', 'p', 0, 0, 1, ''),
(754, 14, '2019-10-03', '10:00:00', '19:50:00', 'p', 0, 0, 1, ''),
(755, 15, '2019-10-03', NULL, NULL, 'cl', 0, 0, 1, ''),
(756, 16, '2019-10-03', '11:00:00', '20:00:00', 'p', 0, 0, 1, ''),
(757, 17, '2019-10-03', '11:25:00', '19:50:00', 'l', 0, 0, 1, ''),
(758, 19, '2019-10-03', '10:30:00', '20:52:00', 'p', 0, 0, 1, ''),
(759, 20, '2019-10-03', '09:50:00', '06:30:00', 'p', 0, 0, 1, ''),
(760, 22, '2019-10-03', NULL, NULL, 'a', 0, 0, 1, ''),
(761, 24, '2019-10-03', '15:00:00', '20:10:00', 'p', 0, 0, 1, ''),
(762, 25, '2019-10-03', '13:00:00', '20:00:00', 'p', 0, 0, 1, ''),
(763, 26, '2019-10-03', '11:00:00', '19:10:00', 'p', 0, 0, 1, ''),
(764, 27, '2019-10-03', '11:00:00', '20:00:00', 'p', 0, 0, 1, ''),
(765, 1, '2019-10-06', NULL, NULL, 'a', 0, 0, 1, ''),
(766, 2, '2019-10-06', '11:26:00', '19:20:00', 'l', 0, 0, 1, ''),
(767, 4, '2019-10-06', NULL, NULL, 'a', 0, 0, 1, ''),
(768, 8, '2019-10-06', NULL, NULL, 'cl', 0, 0, 1, ''),
(769, 10, '2019-10-06', NULL, NULL, 'a', 0, 0, 1, ''),
(770, 11, '2019-10-06', NULL, NULL, 'a', 0, 0, 1, ''),
(771, 12, '2019-10-06', '11:30:00', '19:58:00', 'l', 0, 0, 1, ''),
(772, 13, '2019-10-06', '10:00:00', '19:00:00', 'p', 0, 0, 1, ''),
(773, 14, '2019-10-06', '11:27:00', '19:50:00', 'l', 0, 0, 1, ''),
(774, 15, '2019-10-06', '11:01:00', '19:00:00', 'p', 0, 0, 1, ''),
(775, 16, '2019-10-06', '10:00:00', '20:00:00', 'p', 0, 0, 1, ''),
(776, 17, '2019-10-06', '11:40:00', '19:20:00', 'l', 0, 0, 1, ''),
(777, 19, '2019-10-06', '12:20:00', '20:00:00', 'p', 0, 0, 1, ''),
(778, 20, '2019-10-06', '10:00:00', '19:00:00', 'p', 0, 0, 1, ''),
(779, 22, '2019-10-06', NULL, NULL, 'a', 0, 0, 1, ''),
(780, 24, '2019-10-06', '14:30:00', '19:50:00', 'p', 0, 0, 1, ''),
(781, 25, '2019-10-06', '11:24:00', '07:20:00', 'l', 0, 0, 1, ''),
(782, 26, '2019-10-06', '10:30:00', '19:00:00', 'p', 0, 0, 1, ''),
(783, 27, '2019-10-06', NULL, NULL, 'a', 0, 0, 1, ''),
(784, 12, '2019-10-05', '11:00:00', '20:00:00', 'p', 0, 0, 1, '  ok'),
(785, 1, '2019-10-05', '11:00:00', '20:00:00', 'p', 0, 0, 1, '  ok'),
(786, 1, '2019-10-07', '11:36:00', '20:50:00', 'l', 0, 0, 1, ''),
(787, 2, '2019-10-07', '11:26:00', '19:00:00', 'l', 0, 0, 1, ''),
(788, 4, '2019-10-07', '11:50:00', '20:00:00', 'l', 0, 0, 1, ''),
(789, 8, '2019-10-07', '11:36:00', '19:00:00', 'l', 0, 0, 1, ''),
(790, 10, '2019-10-07', NULL, NULL, 'a', 0, 0, 1, ''),
(791, 11, '2019-10-07', NULL, NULL, 'a', 0, 0, 1, ''),
(792, 12, '2019-10-07', '12:40:00', '20:40:00', 'l', 0, 0, 1, ''),
(793, 13, '2019-10-07', '10:00:00', '20:00:00', 'p', 0, 0, 1, ''),
(794, 14, '2019-10-07', '11:00:00', '19:50:00', 'p', 0, 0, 1, ''),
(795, 15, '2019-10-07', '11:36:00', '19:20:00', 'l', 0, 0, 1, '');
INSERT INTO `temp_emp_attendance` (`id`, `emp_id`, `at_date`, `c_in`, `c_out`, `status`, `approved_1`, `approved_2`, `approved_3`, `notes`) VALUES
(796, 16, '2019-10-07', '10:00:00', '19:00:00', 'p', 0, 0, 1, ''),
(797, 17, '2019-10-07', NULL, NULL, 'sl', 0, 0, 1, ''),
(798, 19, '2019-10-07', '11:36:00', '20:50:00', 'p', 0, 0, 1, ''),
(799, 20, '2019-10-07', '09:50:00', '18:08:00', 'p', 0, 0, 1, ''),
(800, 22, '2019-10-07', NULL, NULL, 'a', 0, 0, 1, ''),
(801, 24, '2019-10-07', '14:20:00', '20:30:00', 'p', 0, 0, 1, ''),
(802, 25, '2019-10-07', '11:12:00', '20:00:00', 'p', 0, 0, 1, ''),
(803, 26, '2019-10-07', '10:30:00', '19:00:00', 'p', 0, 0, 1, ''),
(804, 27, '2019-10-07', NULL, NULL, 'a', 0, 0, 1, ''),
(805, 1, '2019-10-09', '12:01:00', '20:30:00', 'l', 0, 0, 1, ''),
(806, 2, '2019-10-09', '12:22:00', '19:10:00', 'l', 0, 0, 1, ''),
(807, 4, '2019-10-09', '12:20:00', '20:10:00', 'l', 0, 0, 1, ''),
(808, 8, '2019-10-09', '12:01:00', '20:20:00', 'l', 0, 0, 1, ''),
(809, 11, '2019-10-09', '14:03:00', '19:50:00', 'p', 0, 0, 1, ''),
(810, 12, '2019-10-09', '23:50:00', '20:30:00', 'l', 0, 0, 1, ''),
(811, 13, '2019-10-09', '10:20:00', '20:02:00', 'p', 0, 0, 1, ''),
(812, 14, '2019-10-09', NULL, NULL, 'cl', 0, 0, 1, ''),
(813, 15, '2019-10-09', '11:49:00', '19:00:00', 'l', 0, 0, 1, ''),
(814, 16, '2019-10-09', '10:00:00', '19:50:00', 'p', 0, 0, 1, ''),
(815, 17, '2019-10-09', '11:24:00', '19:30:00', 'l', 0, 0, 1, ''),
(816, 19, '2019-10-09', '12:01:00', '20:20:00', 'p', 0, 0, 1, ''),
(817, 20, '2019-10-09', '10:00:00', '19:02:00', 'p', 0, 0, 1, ''),
(818, 22, '2019-10-09', NULL, NULL, 'a', 0, 0, 1, ''),
(819, 24, '2019-10-09', '14:30:00', '20:00:00', 'p', 0, 0, 1, ''),
(820, 25, '2019-10-09', NULL, NULL, 'a', 0, 0, 1, ''),
(821, 26, '2019-10-09', NULL, NULL, 'a', 0, 0, 1, ''),
(822, 1, '2019-10-10', '11:40:00', '20:50:00', 'l', 0, 0, 1, ''),
(823, 2, '2019-10-10', '11:15:00', '19:00:00', 'p', 0, 0, 1, ''),
(824, 4, '2019-10-10', '12:00:00', '20:30:00', 'l', 0, 0, 1, ''),
(825, 8, '2019-10-10', '11:40:00', '19:50:00', 'l', 0, 0, 1, ''),
(826, 11, '2019-10-10', '14:00:00', '19:00:00', 'p', 0, 0, 1, ''),
(827, 12, '2019-10-10', '11:45:00', '20:50:00', 'l', 0, 0, 1, ''),
(828, 13, '2019-10-10', '10:20:00', '19:50:00', 'p', 0, 0, 1, ''),
(829, 14, '2019-10-10', NULL, NULL, 'cl', 0, 0, 1, ''),
(830, 15, '2019-10-10', NULL, NULL, 'cl', 0, 0, 1, ''),
(831, 16, '2019-10-10', '10:00:00', '18:00:00', 'p', 0, 0, 1, ''),
(832, 17, '2019-10-10', '11:00:00', '19:44:00', 'p', 0, 0, 1, ''),
(833, 19, '2019-10-10', '11:40:00', '20:25:00', 'p', 0, 0, 1, ''),
(834, 20, '2019-10-10', '10:00:00', '19:00:00', 'p', 0, 0, 1, ''),
(835, 22, '2019-10-10', NULL, NULL, 'a', 0, 0, 1, ''),
(836, 24, '2019-10-10', '15:00:00', '20:00:00', 'p', 0, 0, 1, ''),
(837, 25, '2019-10-10', NULL, NULL, 'a', 0, 0, 1, ''),
(838, 26, '2019-10-10', NULL, NULL, 'a', 0, 0, 1, ''),
(839, 1, '2019-10-13', '11:40:00', '20:20:00', 'l', 0, 0, 1, ''),
(840, 2, '2019-10-13', '11:30:00', '19:50:00', 'l', 0, 0, 1, ''),
(841, 4, '2019-10-13', '11:15:00', '20:02:00', 'p', 0, 0, 1, ''),
(842, 8, '2019-10-13', '10:50:00', '19:40:00', 'p', 0, 0, 1, ''),
(843, 11, '2019-10-13', NULL, NULL, 'a', 0, 0, 1, ''),
(844, 12, '2019-10-13', '12:30:00', '20:50:00', 'l', 0, 0, 1, ''),
(845, 13, '2019-10-13', '10:00:00', '20:00:00', 'p', 0, 0, 1, ''),
(846, 14, '2019-10-13', '11:00:00', '19:50:00', 'p', 0, 0, 1, ''),
(847, 15, '2019-10-13', '11:30:00', '19:00:00', 'l', 0, 0, 1, ''),
(848, 16, '2019-10-13', NULL, NULL, 'cl', 0, 0, 1, ''),
(849, 17, '2019-10-13', '11:00:00', '19:50:00', 'p', 0, 0, 1, ''),
(850, 19, '2019-10-13', '10:50:00', '20:40:00', 'p', 0, 0, 1, ''),
(851, 20, '2019-10-13', '09:00:00', '19:40:00', 'p', 0, 0, 1, ''),
(852, 22, '2019-10-13', NULL, NULL, 'a', 0, 0, 1, ''),
(853, 24, '2019-10-13', '14:30:00', '20:00:00', 'p', 0, 0, 1, ''),
(854, 25, '2019-10-13', '12:00:00', '19:50:00', 'l', 0, 0, 1, ''),
(855, 26, '2019-10-13', NULL, NULL, 'a', 0, 0, 1, ''),
(856, 1, '2019-10-12', '13:02:00', '19:00:00', 'hd', 0, 0, 1, '  '),
(857, 12, '2019-10-12', '13:02:00', '19:00:00', 'hd', 0, 0, 1, '  '),
(858, 1, '2019-10-14', '11:00:00', '20:20:00', 'p', 0, 0, 1, ''),
(859, 2, '2019-10-14', '11:00:00', '19:40:00', 'p', 0, 0, 1, ''),
(860, 4, '2019-10-14', '11:00:00', '20:00:00', 'p', 0, 0, 1, ''),
(861, 8, '2019-10-14', '11:00:00', '20:00:00', 'p', 0, 0, 1, ''),
(862, 11, '2019-10-14', NULL, NULL, 'a', 0, 0, 1, ''),
(863, 12, '2019-10-14', '11:00:00', '20:00:00', 'p', 0, 0, 1, ''),
(864, 13, '2019-10-14', '09:10:00', '20:00:00', 'p', 0, 0, 1, ''),
(865, 14, '2019-10-14', '10:00:00', '20:00:00', 'p', 0, 0, 1, ''),
(866, 15, '2019-10-14', '11:00:00', '19:00:00', 'p', 0, 0, 1, ''),
(867, 16, '2019-10-14', '10:02:00', '20:00:00', 'p', 0, 0, 1, ''),
(868, 17, '2019-10-14', '11:00:00', '20:00:00', 'p', 0, 0, 1, ''),
(869, 19, '2019-10-14', '23:00:00', '20:00:00', 'p', 0, 0, 1, ''),
(870, 20, '2019-10-14', '08:00:00', '19:06:00', 'p', 0, 0, 1, ''),
(871, 22, '2019-10-14', '17:00:00', '19:40:00', 'p', 0, 0, 1, ''),
(872, 24, '2019-10-14', '14:30:00', '20:00:00', 'p', 0, 0, 1, ''),
(873, 25, '2019-10-14', '10:00:00', '19:50:00', 'p', 0, 0, 1, ''),
(874, 26, '2019-10-14', NULL, NULL, 'a', 0, 0, 1, ''),
(875, 1, '2019-10-15', '11:00:00', '20:30:00', 'p', 0, 0, 1, ''),
(876, 2, '2019-10-15', '12:10:00', '19:20:00', 'l', 0, 0, 1, ''),
(877, 4, '2019-10-15', NULL, NULL, 'a', 0, 0, 1, ''),
(878, 8, '2019-10-15', '11:00:00', '19:50:00', 'p', 0, 0, 1, ''),
(879, 11, '2019-10-15', '15:30:00', '19:30:00', 'l', 0, 0, 1, ''),
(880, 12, '2019-10-15', '11:05:00', '20:20:00', 'p', 0, 0, 1, ''),
(881, 13, '2019-10-15', '10:15:00', '19:50:00', 'p', 0, 0, 1, ''),
(882, 14, '2019-10-15', '11:22:00', '19:50:00', 'l', 0, 0, 1, ''),
(883, 15, '2019-10-15', '11:45:00', '19:00:00', 'l', 0, 0, 1, ''),
(884, 16, '2019-10-15', '10:00:00', '20:00:00', 'p', 0, 0, 1, ''),
(885, 17, '2019-10-15', '10:50:00', '19:50:00', 'p', 0, 0, 1, ''),
(886, 19, '2019-10-15', '11:00:00', '20:00:00', 'p', 0, 0, 1, ''),
(887, 20, '2019-10-15', '09:00:00', '19:00:00', 'p', 0, 0, 1, ''),
(888, 22, '2019-10-15', NULL, NULL, 'a', 0, 0, 1, ''),
(889, 24, '2019-10-15', '14:30:00', '20:02:00', 'p', 0, 0, 1, ''),
(890, 25, '2019-10-15', '12:00:00', '19:50:00', 'l', 0, 0, 1, ''),
(891, 28, '2019-10-15', '10:30:00', '19:00:00', 'p', 0, 0, 1, ''),
(892, 1, '2019-10-16', '12:10:00', '19:40:00', 'l', 0, 0, 1, ''),
(893, 2, '2019-10-16', '11:15:00', '19:50:00', 'p', 0, 0, 1, ''),
(894, 4, '2019-10-16', '12:30:00', '19:50:00', 'l', 0, 0, 1, ''),
(895, 8, '2019-10-16', '12:10:00', '19:00:00', 'l', 0, 0, 1, ''),
(896, 11, '2019-10-16', NULL, NULL, 'a', 0, 0, 1, ''),
(897, 12, '2019-10-16', '12:20:00', '20:20:00', 'l', 0, 0, 1, ''),
(898, 13, '2019-10-16', '10:10:00', '20:01:00', 'p', 0, 0, 1, ''),
(899, 14, '2019-10-16', '10:40:00', '19:50:00', 'p', 0, 0, 1, ''),
(900, 15, '2019-10-16', NULL, NULL, 'a', 0, 0, 1, ''),
(901, 16, '2019-10-16', '10:00:00', '19:20:00', 'p', 0, 0, 1, ''),
(902, 17, '2019-10-16', '11:12:00', '19:55:00', 'p', 0, 0, 1, ''),
(903, 19, '2019-10-16', '12:30:00', '20:00:00', 'p', 0, 0, 1, ''),
(904, 20, '2019-10-16', '09:02:00', '19:00:00', 'p', 0, 0, 1, ''),
(905, 22, '2019-10-16', NULL, NULL, 'a', 0, 0, 1, ''),
(906, 24, '2019-10-16', '14:30:00', '20:00:00', 'p', 0, 0, 1, ''),
(907, 25, '2019-10-16', '12:00:00', '19:50:00', 'l', 0, 0, 1, ''),
(908, 28, '2019-10-16', '10:50:00', '19:20:00', 'p', 0, 0, 1, ''),
(909, 1, '2019-10-17', '11:25:00', '20:00:00', 'l', 0, 0, 1, ''),
(910, 2, '2019-10-17', '11:38:00', '19:00:00', 'l', 0, 0, 1, ''),
(911, 4, '2019-10-17', '11:20:00', '20:00:00', 'l', 0, 0, 1, ''),
(912, 8, '2019-10-17', '11:25:00', '19:50:00', 'l', 0, 0, 1, ''),
(913, 11, '2019-10-17', '14:30:00', '19:00:00', 'p', 0, 0, 1, ''),
(914, 12, '2019-10-17', '11:15:00', '19:00:00', 'p', 0, 0, 1, ''),
(915, 13, '2019-10-17', '10:30:00', '19:30:00', 'p', 0, 0, 1, ''),
(916, 14, '2019-10-17', '10:53:00', '19:30:00', 'p', 0, 0, 1, ''),
(917, 15, '2019-10-17', NULL, NULL, 'cl', 0, 0, 1, ''),
(918, 16, '2019-10-17', '10:00:00', '20:00:00', 'p', 0, 0, 1, ''),
(919, 17, '2019-10-17', '10:40:00', '19:50:00', 'p', 0, 0, 1, ''),
(920, 19, '2019-10-17', '11:25:00', '20:00:00', 'p', 0, 0, 1, ''),
(921, 20, '2019-10-17', '09:50:00', '19:40:00', 'p', 0, 0, 1, ''),
(922, 22, '2019-10-17', '16:30:00', '19:00:00', 'p', 0, 0, 1, ''),
(923, 24, '2019-10-17', '14:30:00', '20:00:00', 'p', 0, 0, 1, ''),
(924, 25, '2019-10-17', '10:40:00', '19:30:00', 'p', 0, 0, 1, ''),
(925, 28, '2019-10-17', '10:30:00', '19:20:00', 'p', 0, 0, 1, ''),
(926, 1, '2019-10-20', '11:15:00', '20:00:00', 'p', 0, 0, 1, ''),
(927, 2, '2019-10-20', NULL, NULL, 'sl', 0, 0, 1, ''),
(928, 4, '2019-10-20', '11:55:00', '20:00:00', 'l', 0, 0, 1, ''),
(929, 8, '2019-10-20', '11:15:00', '19:05:00', 'p', 0, 0, 1, ''),
(930, 11, '2019-10-20', NULL, NULL, 'a', 0, 0, 1, ''),
(931, 12, '2019-10-20', '11:19:00', '20:02:00', 'l', 0, 0, 1, ''),
(932, 13, '2019-10-20', '10:20:00', '19:50:00', 'p', 0, 0, 1, ''),
(933, 14, '2019-10-20', '11:40:00', '19:50:00', 'l', 0, 0, 1, ''),
(934, 15, '2019-10-20', '12:00:00', '19:00:00', 'l', 0, 0, 1, ''),
(935, 16, '2019-10-20', '10:01:00', '19:00:00', 'p', 0, 0, 1, ''),
(936, 17, '2019-10-20', '11:55:00', '19:40:00', 'l', 0, 0, 1, ''),
(937, 19, '2019-10-20', '11:15:00', '20:00:00', 'p', 0, 0, 1, ''),
(938, 20, '2019-10-20', '09:50:00', '19:00:00', 'p', 0, 0, 1, ''),
(939, 22, '2019-10-20', NULL, NULL, 'a', 0, 0, 1, ''),
(940, 24, '2019-10-20', '15:00:00', '20:00:00', 'p', 0, 0, 1, ''),
(941, 25, '2019-10-20', '12:48:00', '19:30:00', 'l', 0, 0, 1, ''),
(942, 28, '2019-10-20', '10:40:00', '19:00:00', 'p', 0, 0, 1, ''),
(943, 1, '2019-10-22', '11:00:00', '20:02:00', 'p', 0, 0, 1, ''),
(944, 2, '2019-10-22', '11:55:00', '19:20:00', 'l', 0, 0, 1, ''),
(945, 4, '2019-10-22', '12:10:00', '19:50:00', 'l', 0, 0, 1, ''),
(946, 8, '2019-10-22', '11:00:00', '19:40:00', 'p', 0, 0, 1, ''),
(947, 11, '2019-10-22', '14:30:00', '19:00:00', 'p', 0, 0, 1, ''),
(948, 12, '2019-10-22', NULL, NULL, 'a', 0, 0, 1, ''),
(949, 13, '2019-10-22', '08:10:00', '19:40:00', 'p', 0, 0, 1, ''),
(950, 14, '2019-10-22', '08:10:00', '19:40:00', 'p', 0, 0, 1, ''),
(951, 15, '2019-10-22', NULL, NULL, 'a', 0, 0, 1, ''),
(952, 16, '2019-10-22', '10:02:00', '19:00:00', 'p', 0, 0, 1, ''),
(953, 17, '2019-10-22', '11:56:00', '19:50:00', 'l', 0, 0, 1, ''),
(954, 19, '2019-10-22', '11:10:00', '20:02:00', 'p', 0, 0, 1, ''),
(955, 20, '2019-10-22', '08:30:00', '19:00:00', 'p', 0, 0, 1, ''),
(956, 22, '2019-10-22', NULL, NULL, 'a', 0, 0, 1, ''),
(957, 24, '2019-10-22', '15:10:00', '19:50:00', 'p', 0, 0, 1, ''),
(958, 25, '2019-10-22', '11:00:00', '19:00:00', 'p', 0, 0, 1, ''),
(959, 28, '2019-10-22', NULL, NULL, 'a', 0, 0, 1, ''),
(960, 1, '2019-10-23', '11:25:00', '20:00:00', 'l', 0, 0, 1, ''),
(961, 2, '2019-10-23', '11:25:00', '19:00:00', 'l', 0, 0, 1, ''),
(962, 4, '2019-10-23', '12:10:00', '19:50:00', 'l', 0, 0, 1, ''),
(963, 8, '2019-10-23', '11:25:00', '19:20:00', 'l', 0, 0, 1, ''),
(964, 11, '2019-10-23', NULL, NULL, 'a', 0, 0, 1, ''),
(965, 12, '2019-10-23', '11:25:00', '20:20:00', 'l', 0, 0, 1, ''),
(966, 13, '2019-10-23', '10:00:00', '20:00:00', 'p', 0, 0, 1, ''),
(967, 14, '2019-10-23', '11:00:00', '19:50:00', 'p', 0, 0, 1, ''),
(968, 15, '2019-10-23', '23:20:00', '19:00:00', 'l', 0, 0, 1, ''),
(969, 16, '2019-10-23', '10:00:00', '19:00:00', 'p', 0, 0, 1, ''),
(970, 17, '2019-10-23', '10:47:00', '20:00:00', 'p', 0, 0, 1, ''),
(971, 19, '2019-10-23', '11:25:00', '20:00:00', 'l', 0, 0, 1, ''),
(972, 20, '2019-10-23', '10:00:00', '19:00:00', 'p', 0, 0, 1, ''),
(973, 22, '2019-10-23', NULL, NULL, 'a', 0, 0, 1, ''),
(974, 24, '2019-10-23', '16:00:00', '19:50:00', 'p', 0, 0, 1, ''),
(975, 25, '2019-10-23', NULL, NULL, 'a', 0, 0, 1, ''),
(976, 28, '2019-10-23', NULL, NULL, 'a', 0, 0, 1, ''),
(977, 1, '2019-10-24', '11:00:00', '20:00:00', 'p', 0, 0, 1, ''),
(978, 2, '2019-10-24', '11:13:00', '19:00:00', 'p', 0, 0, 1, ''),
(979, 4, '2019-10-24', '12:10:00', '19:50:00', 'l', 0, 0, 1, ''),
(980, 8, '2019-10-24', '11:11:00', '19:20:00', 'p', 0, 0, 1, ''),
(981, 11, '2019-10-24', '14:30:00', '19:00:00', 'p', 0, 0, 1, ''),
(982, 12, '2019-10-24', '11:15:00', '20:20:00', 'p', 0, 0, 1, ''),
(983, 13, '2019-10-24', '10:00:00', '20:00:00', 'p', 0, 0, 1, ''),
(984, 14, '2019-10-24', '11:00:00', '19:50:00', 'p', 0, 0, 1, ''),
(985, 15, '2019-10-24', NULL, NULL, 'cl', 0, 0, 1, ''),
(986, 16, '2019-10-24', '10:00:00', '19:00:00', 'p', 0, 0, 1, ''),
(987, 17, '2019-10-24', '10:47:00', '20:00:00', 'p', 0, 0, 1, ''),
(988, 19, '2019-10-24', '11:10:00', '20:00:00', 'p', 0, 0, 1, ''),
(989, 20, '2019-10-24', '10:00:00', '19:00:00', 'p', 0, 0, 1, ''),
(990, 22, '2019-10-24', '14:00:00', '19:00:00', 'p', 0, 0, 1, ''),
(991, 24, '2019-10-24', '16:00:00', '16:50:00', 'p', 0, 0, 1, ''),
(992, 25, '2019-10-24', '10:00:00', '20:00:00', 'p', 0, 0, 1, ''),
(993, 28, '2019-10-24', '23:00:00', '19:50:00', 'p', 0, 0, 1, ''),
(994, 1, '2019-10-27', '11:30:00', '20:00:00', 'l', 0, 0, 1, ''),
(995, 2, '2019-10-27', '11:00:00', '19:30:00', 'p', 0, 0, 1, ''),
(996, 4, '2019-10-27', NULL, NULL, 'sl', 0, 0, 1, ''),
(997, 8, '2019-10-27', '11:30:00', '19:50:00', 'l', 0, 0, 1, ''),
(998, 11, '2019-10-27', '14:10:00', '19:20:00', 'p', 0, 0, 1, ''),
(999, 12, '2019-10-27', '11:40:00', '20:00:00', 'l', 0, 0, 1, ''),
(1000, 13, '2019-10-27', '22:00:00', '19:40:00', 'p', 0, 0, 1, ''),
(1001, 14, '2019-10-27', '10:50:00', '19:40:00', 'p', 0, 0, 1, ''),
(1002, 15, '2019-10-27', '11:45:00', '19:20:00', 'l', 0, 0, 1, ''),
(1003, 16, '2019-10-27', '10:00:00', '19:00:00', 'p', 0, 0, 1, ''),
(1004, 17, '2019-10-27', '10:47:00', '19:40:00', 'p', 0, 0, 1, ''),
(1005, 19, '2019-10-27', '11:30:00', '20:00:00', 'p', 0, 0, 1, ''),
(1006, 20, '2019-10-27', '10:00:00', '18:00:00', 'p', 0, 0, 1, ''),
(1007, 22, '2019-10-27', NULL, NULL, 'a', 0, 0, 1, ''),
(1008, 24, '2019-10-27', '13:30:00', '20:00:00', 'p', 0, 0, 1, ''),
(1009, 25, '2019-10-27', '12:48:00', '19:50:00', 'l', 0, 0, 1, ''),
(1010, 28, '2019-10-27', NULL, NULL, 'a', 0, 0, 1, ''),
(1011, 1, '2019-10-28', '11:15:00', '20:00:00', 'p', 0, 0, 1, ''),
(1012, 2, '2019-10-28', '11:08:00', '19:40:00', 'p', 0, 0, 1, ''),
(1013, 4, '2019-10-28', '12:20:00', '20:30:00', 'l', 0, 0, 1, ''),
(1014, 8, '2019-10-28', '11:15:00', '19:40:00', 'p', 0, 0, 1, ''),
(1015, 11, '2019-10-28', NULL, NULL, 'a', 0, 0, 1, ''),
(1016, 12, '2019-10-28', '11:40:00', '20:30:00', 'l', 0, 0, 1, ''),
(1017, 13, '2019-10-28', '22:30:00', '20:20:00', 'p', 0, 0, 1, ''),
(1018, 14, '2019-10-28', '11:05:00', '19:50:00', 'p', 0, 0, 1, ''),
(1019, 15, '2019-10-28', '11:38:00', '19:00:00', 'l', 0, 0, 1, ''),
(1020, 16, '2019-10-28', '10:00:00', '19:00:00', 'p', 0, 0, 1, ''),
(1021, 17, '2019-10-28', '11:00:00', '19:50:00', 'p', 0, 0, 1, ''),
(1022, 19, '2019-10-28', '11:05:00', '20:00:00', 'l', 0, 0, 1, ''),
(1023, 20, '2019-10-28', '10:00:00', '18:20:00', 'p', 0, 0, 1, ''),
(1024, 22, '2019-10-28', NULL, NULL, 'a', 0, 0, 1, ''),
(1025, 24, '2019-10-28', '14:00:00', '18:40:00', 'p', 0, 0, 1, ''),
(1026, 25, '2019-10-28', '11:00:00', '19:00:00', 'p', 0, 0, 1, ''),
(1027, 28, '2019-10-28', NULL, NULL, 'a', 0, 0, 1, ''),
(1028, 1, '2019-10-29', '12:02:00', '20:00:00', 'l', 0, 1, 1, ''),
(1029, 2, '2019-10-29', '11:30:00', '19:40:00', 'l', 0, 1, 1, ''),
(1030, 4, '2019-10-29', '12:00:00', '20:00:00', 'l', 0, 1, 1, ''),
(1031, 8, '2019-10-29', '12:02:00', '19:40:00', 'l', 0, 1, 1, ''),
(1032, 11, '2019-10-29', '14:20:00', '19:30:00', 'l', 0, 1, 1, ''),
(1033, 12, '2019-10-29', '11:00:00', '20:00:00', 'p', 0, 1, 1, ''),
(1034, 13, '2019-10-29', '10:20:00', '19:50:00', 'p', 0, 1, 1, ''),
(1035, 14, '2019-10-29', '10:50:00', '19:50:00', 'p', 0, 1, 1, ''),
(1036, 15, '2019-10-29', NULL, NULL, 'a', 0, 1, 1, ''),
(1037, 16, '2019-10-29', '10:00:00', '19:50:00', 'p', 0, 1, 1, ''),
(1038, 17, '2019-10-29', '11:03:00', '19:50:00', 'p', 0, 1, 1, ''),
(1039, 19, '2019-10-29', '12:00:00', '20:02:00', 'p', 0, 1, 1, ''),
(1040, 20, '2019-10-29', '01:00:00', '18:50:00', 'p', 0, 1, 1, ''),
(1041, 22, '2019-10-29', NULL, NULL, 'a', 0, 1, 1, ''),
(1042, 24, '2019-10-29', '14:20:00', '19:40:00', 'p', 0, 1, 1, ''),
(1043, 25, '2019-10-29', '11:36:00', '19:20:00', 'l', 0, 1, 1, ''),
(1044, 28, '2019-10-29', NULL, NULL, 'a', 0, 1, 1, ''),
(1045, 1, '2019-10-30', '11:40:00', '20:00:00', 'l', 0, 0, 1, ''),
(1046, 2, '2019-10-30', '11:11:00', '19:12:00', 'p', 0, 0, 1, ''),
(1047, 4, '2019-10-30', '12:10:00', '19:50:00', 'l', 0, 0, 1, ''),
(1048, 8, '2019-10-30', '11:40:00', '19:40:00', 'l', 0, 0, 1, ''),
(1049, 11, '2019-10-30', NULL, NULL, 'a', 0, 0, 1, ''),
(1050, 12, '2019-10-30', '12:10:00', '20:00:00', 'l', 0, 0, 1, ''),
(1051, 13, '2019-10-30', '10:30:00', '19:50:00', 'p', 0, 0, 1, ''),
(1052, 14, '2019-10-30', '11:25:00', '19:50:00', 'l', 0, 0, 1, ''),
(1053, 15, '2019-10-30', '11:20:00', '19:07:00', 'l', 0, 0, 1, ''),
(1054, 16, '2019-10-30', '10:00:00', '19:25:00', 'p', 0, 0, 1, ''),
(1055, 17, '2019-10-30', '11:00:00', '19:50:00', 'p', 0, 0, 1, ''),
(1056, 19, '2019-10-30', '11:40:00', '20:00:00', 'p', 0, 0, 1, ''),
(1057, 20, '2019-10-30', '10:00:00', '18:02:00', 'p', 0, 0, 1, ''),
(1058, 22, '2019-10-30', NULL, NULL, 'a', 0, 0, 1, ''),
(1059, 24, '2019-10-30', '14:02:00', '19:20:00', 'p', 0, 0, 1, ''),
(1060, 25, '2019-10-30', NULL, NULL, 'a', 0, 0, 1, ''),
(1061, 29, '2019-10-30', '10:20:00', '19:44:00', 'p', 0, 0, 1, ''),
(1062, 30, '2019-10-30', '10:20:00', '19:44:00', 'p', 0, 0, 1, ''),
(1063, 31, '2019-10-30', '10:50:00', '19:00:00', 'p', 0, 0, 1, ''),
(1064, 32, '2019-10-30', '11:20:00', '19:10:00', 'l', 0, 0, 1, ''),
(1065, 29, '2019-10-20', '11:11:00', '19:20:00', 'p', 0, 0, 1, '  '),
(1066, 29, '2019-10-21', '11:11:00', '19:20:00', 'p', 0, 0, 1, '  '),
(1067, 29, '2019-10-22', NULL, NULL, 'a', 0, 0, 1, '  '),
(1068, 29, '2019-10-23', '10:50:00', '19:14:00', 'p', 0, 0, 1, '  '),
(1069, 29, '2019-10-24', '10:50:00', '19:14:00', 'p', 0, 0, 1, '  '),
(1070, 29, '2019-10-27', '10:50:00', '19:14:00', 'p', 0, 0, 1, '  '),
(1071, 29, '2019-10-28', '10:50:00', '19:14:00', 'p', 0, 0, 1, '  '),
(1072, 29, '2019-10-29', NULL, NULL, 'a', 0, 0, 1, '  '),
(1073, 30, '2019-10-29', NULL, NULL, 'a', 0, 0, 1, '  '),
(1074, 30, '2019-10-28', '10:30:00', '19:14:00', 'p', 0, 0, 1, '  '),
(1075, 30, '2019-10-27', '10:30:00', '19:14:00', 'p', 0, 0, 1, '  '),
(1076, 30, '2019-10-24', '10:30:00', '19:14:00', 'p', 0, 0, 1, '  '),
(1077, 30, '2019-10-23', '10:30:00', '19:14:00', 'p', 0, 0, 1, '  '),
(1078, 30, '2019-10-20', '10:30:00', '19:14:00', 'p', 0, 0, 1, '  '),
(1079, 30, '2019-10-21', '10:30:00', '19:14:00', 'p', 0, 0, 1, '  '),
(1080, 30, '2019-10-22', '10:30:00', '19:14:00', 'p', 0, 0, 1, '  '),
(1081, 32, '2019-10-24', '11:00:00', '19:00:00', 'p', 0, 0, 1, '  '),
(1082, 32, '2019-10-27', '11:00:00', '19:00:00', 'p', 0, 0, 1, '  '),
(1083, 32, '2019-10-28', '00:00:00', '19:00:00', 'l', 0, 0, 1, '  '),
(1084, 32, '2019-10-29', '11:45:00', '19:00:00', 'l', 0, 0, 1, '  '),
(1085, 31, '2019-10-27', '10:45:00', '19:00:00', 'p', 0, 0, 1, '  '),
(1086, 31, '2019-10-28', '10:45:00', '19:00:00', 'p', 0, 0, 1, '  '),
(1087, 31, '2019-10-29', '10:45:00', '19:00:00', 'p', 0, 0, 1, '  '),
(1088, 1, '2019-10-31', '12:10:00', '20:00:00', 'l', 0, 0, 1, ''),
(1089, 2, '2019-10-31', '13:30:00', '19:50:00', 'l', 0, 0, 1, ''),
(1090, 4, '2019-10-31', '12:00:00', '19:50:00', 'l', 0, 0, 1, ''),
(1091, 8, '2019-10-31', '12:10:00', '19:50:00', 'l', 0, 0, 1, ''),
(1092, 11, '2019-10-31', NULL, NULL, 'a', 0, 0, 1, ''),
(1093, 12, '2019-10-31', NULL, NULL, 'cl', 0, 0, 1, ''),
(1094, 13, '2019-10-31', '10:00:00', '19:50:00', 'p', 0, 0, 1, ''),
(1095, 14, '2019-10-31', '10:50:00', '19:50:00', 'p', 0, 0, 1, ''),
(1096, 15, '2019-10-31', NULL, NULL, 'cl', 0, 0, 1, ''),
(1097, 16, '2019-10-31', '10:00:00', '19:40:00', 'p', 0, 0, 1, ''),
(1098, 17, '2019-10-31', '10:40:00', '19:50:00', 'p', 0, 0, 1, ''),
(1099, 19, '2019-10-31', '12:10:00', '20:00:00', 'p', 0, 0, 1, ''),
(1100, 20, '2019-10-31', '10:00:00', '19:00:00', 'p', 0, 0, 1, ''),
(1101, 22, '2019-10-31', NULL, NULL, 'a', 0, 0, 1, ''),
(1102, 24, '2019-10-31', '15:20:00', '19:50:00', 'p', 0, 0, 1, ''),
(1103, 25, '2019-10-31', '11:00:00', '19:00:00', 'p', 0, 0, 1, ''),
(1104, 29, '2019-10-31', '11:15:00', '19:40:00', 'p', 0, 0, 1, ''),
(1105, 30, '2019-10-31', '11:15:00', '19:40:00', 'p', 0, 0, 1, ''),
(1106, 31, '2019-10-31', '10:40:00', '19:00:00', 'p', 0, 0, 1, ''),
(1107, 32, '2019-10-31', NULL, NULL, 'a', 0, 0, 1, ''),
(1108, 1, '2019-11-03', '11:24:00', '20:00:00', 'l', 0, 0, 1, ''),
(1109, 2, '2019-11-03', '11:00:00', '19:10:00', 'p', 0, 0, 1, ''),
(1110, 4, '2019-11-03', '12:11:00', '19:50:00', 'l', 0, 0, 1, ''),
(1111, 8, '2019-11-03', '11:24:00', '19:50:00', 'l', 0, 0, 1, ''),
(1112, 11, '2019-11-03', NULL, NULL, 'a', 0, 0, 1, ''),
(1113, 12, '2019-11-03', '11:30:00', '20:00:00', 'l', 0, 0, 1, ''),
(1114, 13, '2019-11-03', '10:30:00', '19:40:00', 'p', 0, 0, 1, ''),
(1115, 14, '2019-11-03', '11:00:00', '19:40:00', 'p', 0, 0, 1, ''),
(1116, 15, '2019-11-03', NULL, NULL, 'a', 0, 0, 1, ''),
(1117, 16, '2019-11-03', '10:00:00', '07:00:00', 'p', 0, 0, 1, ''),
(1118, 17, '2019-11-03', '11:00:00', '07:25:00', 'p', 0, 0, 1, ''),
(1119, 19, '2019-11-03', '11:24:00', '20:00:00', 'p', 0, 0, 1, ''),
(1120, 20, '2019-11-03', '09:50:00', '18:30:00', 'p', 0, 0, 1, ''),
(1121, 22, '2019-11-03', NULL, NULL, 'a', 0, 0, 1, ''),
(1122, 24, '2019-11-03', '15:00:00', '19:50:00', 'p', 0, 0, 1, ''),
(1123, 25, '2019-11-03', '23:20:00', '19:20:00', 'l', 0, 0, 1, ''),
(1124, 29, '2019-11-03', NULL, NULL, 'a', 0, 0, 1, ''),
(1125, 30, '2019-11-03', NULL, NULL, 'a', 0, 0, 1, ''),
(1126, 31, '2019-11-03', NULL, NULL, 'a', 0, 0, 1, ''),
(1127, 32, '2019-11-03', NULL, NULL, 'a', 0, 0, 1, ''),
(1128, 1, '2019-11-02', '12:00:00', '20:02:00', 'hd', 0, 0, 1, '  '),
(1129, 12, '2019-11-02', '12:00:00', '20:02:00', 'hd', 0, 0, 1, '  '),
(1130, 8, '2019-11-02', '12:00:00', '20:02:00', 'hd', 0, 0, 1, '  '),
(1131, 1, '2019-11-04', '11:15:00', '19:50:00', 'p', 0, 0, 1, ''),
(1132, 2, '2019-11-04', NULL, NULL, 'cl', 0, 0, 1, ''),
(1133, 4, '2019-11-04', '11:50:00', '19:50:00', 'l', 0, 0, 1, ''),
(1134, 8, '2019-11-04', '11:15:00', '19:30:00', 'p', 0, 0, 1, ''),
(1135, 11, '2019-11-04', NULL, NULL, 'a', 0, 0, 1, ''),
(1136, 12, '2019-11-04', '11:15:00', '19:30:00', 'p', 0, 0, 1, ''),
(1137, 13, '2019-11-04', '10:30:00', '19:30:00', 'p', 0, 0, 1, ''),
(1138, 14, '2019-11-04', '10:30:00', '19:50:00', 'p', 0, 0, 1, ''),
(1139, 15, '2019-11-04', NULL, NULL, 'a', 0, 0, 1, ''),
(1140, 16, '2019-11-04', '10:00:00', '19:20:00', 'p', 0, 0, 1, ''),
(1141, 17, '2019-11-04', NULL, NULL, 'a', 0, 0, 1, ''),
(1142, 19, '2019-11-04', '11:15:00', '19:50:00', 'p', 0, 0, 1, ''),
(1143, 20, '2019-11-04', '09:50:00', '18:30:00', 'p', 0, 0, 1, ''),
(1144, 22, '2019-11-04', NULL, NULL, 'a', 0, 0, 1, ''),
(1145, 24, '2019-11-04', '14:30:00', '19:50:00', 'p', 0, 0, 1, ''),
(1146, 25, '2019-11-04', NULL, NULL, 'a', 0, 0, 1, ''),
(1147, 29, '2019-11-04', NULL, NULL, 'a', 0, 0, 1, ''),
(1148, 30, '2019-11-04', NULL, NULL, 'a', 0, 0, 1, ''),
(1149, 31, '2019-11-04', NULL, NULL, 'a', 0, 0, 1, ''),
(1150, 32, '2019-11-04', NULL, NULL, 'a', 0, 0, 1, ''),
(1151, 1, '2019-11-05', '13:00:00', '20:00:00', 'l', 0, 0, 1, ''),
(1152, 2, '2019-11-05', '11:44:00', '19:50:00', 'l', 0, 0, 1, ''),
(1153, 4, '2019-11-05', '12:02:00', '19:50:00', 'l', 0, 0, 1, ''),
(1154, 8, '2019-11-05', '11:19:00', '19:20:00', 'l', 0, 0, 1, ''),
(1155, 11, '2019-11-05', NULL, NULL, 'a', 0, 0, 1, ''),
(1156, 12, '2019-11-05', '11:00:00', '20:00:00', 'p', 0, 0, 1, ''),
(1157, 13, '2019-11-05', '10:00:00', '20:00:00', 'p', 0, 0, 1, ''),
(1158, 14, '2019-11-05', '11:30:00', '19:50:00', 'l', 0, 0, 1, ''),
(1159, 16, '2019-11-05', '10:00:00', '20:00:00', 'p', 0, 0, 1, ''),
(1160, 17, '2019-11-05', NULL, NULL, 'a', 0, 0, 1, ''),
(1161, 19, '2019-11-05', '11:19:00', '20:00:00', 'p', 0, 0, 1, ''),
(1162, 20, '2019-11-05', '09:50:00', '18:50:00', 'p', 0, 0, 1, ''),
(1163, 22, '2019-11-05', NULL, NULL, 'a', 0, 0, 1, ''),
(1164, 24, '2019-11-05', '15:30:00', '19:50:00', 'p', 0, 0, 1, ''),
(1165, 25, '2019-11-05', '11:40:00', '19:30:00', 'l', 0, 0, 1, ''),
(1166, 29, '2019-11-05', '12:00:00', '19:50:00', 'l', 0, 0, 1, ''),
(1167, 30, '2019-11-05', '00:00:00', '19:50:00', 'l', 0, 0, 1, ''),
(1168, 31, '2019-11-05', NULL, NULL, 'a', 0, 0, 1, ''),
(1169, 1, '2019-11-06', '10:55:00', '20:00:00', 'p', 0, 0, 1, ''),
(1170, 2, '2019-11-06', '12:00:00', '19:50:00', 'l', 0, 0, 1, ''),
(1171, 4, '2019-11-06', '11:40:00', '20:00:00', 'l', 0, 0, 1, ''),
(1172, 8, '2019-11-06', '11:30:00', '19:20:00', 'l', 0, 0, 1, ''),
(1173, 12, '2019-11-06', '11:40:00', '20:20:00', 'l', 0, 0, 1, ''),
(1174, 13, '2019-11-06', '10:00:00', '19:50:00', 'p', 0, 0, 1, ''),
(1175, 14, '2019-11-06', NULL, NULL, 'cl', 0, 0, 1, ''),
(1176, 16, '2019-11-06', '10:00:00', '20:00:00', 'p', 0, 0, 1, ''),
(1177, 17, '2019-11-06', '10:30:00', '19:20:00', 'p', 0, 0, 1, ''),
(1178, 19, '2019-11-06', '11:30:00', '19:56:00', 'p', 0, 0, 1, ''),
(1179, 20, '2019-11-06', '09:30:00', '18:30:00', 'p', 0, 0, 1, ''),
(1180, 24, '2019-11-06', '14:30:00', '19:30:00', 'p', 0, 0, 1, ''),
(1181, 25, '2019-11-06', '11:30:00', '19:20:00', 'l', 0, 0, 1, ''),
(1182, 29, '2019-11-06', '10:30:00', '19:00:00', 'p', 0, 0, 1, ''),
(1183, 30, '2019-11-06', '10:30:00', '19:00:00', 'p', 0, 0, 1, ''),
(1184, 31, '2019-11-06', NULL, NULL, 'a', 0, 0, 1, ''),
(1185, 33, '2019-11-06', '11:00:00', '19:00:00', 'p', 0, 0, 1, ''),
(1186, 11, '2019-11-06', '14:00:00', '19:30:00', 'p', 0, 0, 1, '  ok'),
(1187, 1, '2019-11-07', '10:40:00', '20:20:00', 'p', 0, 0, 1, ''),
(1188, 2, '2019-11-07', '11:40:00', '19:30:00', 'l', 0, 0, 1, ''),
(1189, 4, '2019-11-07', '17:30:00', '20:00:00', 'ml', 0, 0, 1, ''),
(1190, 8, '2019-11-07', '11:22:00', '19:50:00', 'l', 0, 0, 1, ''),
(1191, 12, '2019-11-07', '11:22:00', '20:00:00', 'l', 0, 0, 1, ''),
(1192, 13, '2019-11-07', '10:00:00', '19:50:00', 'p', 0, 0, 1, ''),
(1193, 14, '2019-11-07', '10:30:00', '19:50:00', 'p', 0, 0, 1, ''),
(1194, 16, '2019-11-07', '10:00:00', '19:50:00', 'p', 0, 0, 1, ''),
(1195, 17, '2019-11-07', '10:30:00', '19:50:00', 'p', 0, 0, 1, ''),
(1196, 19, '2019-11-07', '11:22:00', '20:20:00', 'p', 0, 0, 1, ''),
(1197, 20, '2019-11-07', '09:50:00', '18:26:00', 'p', 0, 0, 1, ''),
(1198, 24, '2019-11-07', '14:30:00', '19:20:00', 'p', 0, 0, 1, ''),
(1199, 25, '2019-11-07', '10:50:00', '19:30:00', 'p', 0, 0, 1, ''),
(1200, 29, '2019-11-07', '15:30:00', '20:00:00', 'hd', 0, 0, 1, ''),
(1201, 30, '2019-11-07', '15:30:00', '20:00:00', 'hd', 0, 0, 1, ''),
(1202, 31, '2019-11-07', NULL, NULL, 'a', 0, 0, 1, ''),
(1203, 33, '2019-11-07', '13:00:00', '19:40:00', 'l', 0, 0, 1, ''),
(1204, 11, '2019-11-07', '14:00:00', '19:20:00', 'p', 0, 0, 1, '  ok'),
(1205, 22, '2019-11-07', '17:00:00', '19:20:00', 'p', 0, 0, 1, '  ok'),
(1206, 1, '2019-11-11', '11:12:00', '20:00:00', 'p', 0, 0, 1, ''),
(1207, 2, '2019-11-11', '12:00:00', '19:00:00', 'l', 0, 0, 1, ''),
(1208, 4, '2019-11-11', '11:40:00', '19:40:00', 'l', 0, 0, 1, ''),
(1209, 8, '2019-11-11', '11:12:00', '19:30:00', 'p', 0, 0, 1, ''),
(1210, 12, '2019-11-11', '11:30:00', '20:00:00', 'l', 0, 0, 1, ''),
(1211, 13, '2019-11-11', '10:40:00', '19:40:00', 'p', 0, 0, 1, ''),
(1212, 14, '2019-11-11', '11:30:00', '19:20:00', 'l', 0, 0, 1, ''),
(1213, 16, '2019-11-11', '10:00:00', '19:00:00', 'p', 0, 0, 1, ''),
(1214, 17, '2019-11-11', NULL, NULL, 'a', 0, 0, 1, ''),
(1215, 19, '2019-11-11', '11:12:00', '20:00:00', 'p', 0, 0, 1, ''),
(1216, 20, '2019-11-11', '09:50:00', '18:30:00', 'p', 0, 0, 1, ''),
(1217, 24, '2019-11-11', '15:00:00', '19:30:00', 'p', 0, 0, 1, ''),
(1218, 25, '2019-11-11', '12:10:00', '19:20:00', 'l', 0, 0, 1, ''),
(1219, 29, '2019-11-11', '15:00:00', '19:50:00', 'p', 0, 0, 1, ''),
(1220, 30, '2019-11-11', '15:00:00', '19:50:00', 'p', 0, 0, 1, ''),
(1221, 31, '2019-11-11', '22:40:00', '19:00:00', 'p', 0, 0, 1, ''),
(1222, 33, '2019-11-11', NULL, NULL, 'a', 0, 0, 1, ''),
(1223, 11, '2019-11-11', '14:00:00', '19:00:00', 'p', 0, 0, 1, '  ok'),
(1224, 1, '2019-11-10', '12:00:00', '19:00:00', 'p', 0, 0, 1, '  ok'),
(1225, 2, '2019-11-10', '12:00:00', '19:00:00', 'hd', 0, 0, 1, '  ok'),
(1226, 14, '2019-11-10', '12:00:00', '19:00:00', 'p', 0, 0, 1, '  ok'),
(1227, 8, '2019-11-10', '12:00:00', '19:00:00', 'p', 0, 0, 1, '  ok'),
(1228, 1, '2019-11-09', '12:00:00', '19:00:00', 'p', 0, 0, 1, '  ok'),
(1229, 8, '2019-11-09', '12:00:00', '19:00:00', 'hd', 0, 0, 1, '  ok'),
(1230, 1, '2019-11-12', '10:50:00', '20:00:00', 'p', 0, 0, 1, ''),
(1231, 2, '2019-11-12', '00:15:00', '19:00:00', 'l', 0, 0, 1, ''),
(1232, 4, '2019-11-12', NULL, NULL, 'a', 0, 0, 1, ''),
(1233, 8, '2019-11-12', '10:50:00', '19:40:00', 'p', 0, 0, 1, ''),
(1234, 12, '2019-11-12', '12:00:00', '20:00:00', 'l', 0, 0, 1, ''),
(1235, 13, '2019-11-12', '10:30:00', '19:50:00', 'p', 0, 0, 1, ''),
(1236, 14, '2019-11-12', '11:10:00', '19:50:00', 'p', 0, 0, 1, ''),
(1237, 16, '2019-11-12', '10:00:00', '20:00:00', 'p', 0, 0, 1, ''),
(1238, 17, '2019-11-12', '11:00:00', '19:30:00', 'p', 0, 0, 1, ''),
(1239, 19, '2019-11-12', '11:00:00', '20:00:00', 'p', 0, 0, 1, ''),
(1240, 20, '2019-11-12', '10:01:00', '20:00:00', 'p', 0, 0, 1, ''),
(1241, 24, '2019-11-12', '14:30:00', '19:50:00', 'p', 0, 0, 1, ''),
(1242, 25, '2019-11-12', '11:33:00', '19:20:00', 'l', 0, 0, 1, ''),
(1243, 29, '2019-11-12', '15:00:00', '20:00:00', 'p', 0, 0, 1, ''),
(1244, 30, '2019-11-12', '15:00:00', '20:00:00', 'p', 0, 0, 1, ''),
(1245, 31, '2019-11-12', '10:30:00', '19:30:00', 'p', 0, 0, 1, ''),
(1246, 33, '2019-11-12', NULL, NULL, 'a', 0, 0, 1, ''),
(1247, 1, '2019-11-13', '11:00:00', '20:00:00', 'p', 0, 0, 1, ''),
(1248, 2, '2019-11-13', '11:15:00', '19:00:00', 'p', 0, 0, 1, ''),
(1249, 4, '2019-11-13', '16:20:00', '19:50:00', 'ml', 0, 0, 1, ''),
(1250, 8, '2019-11-13', '11:00:00', '19:20:00', 'p', 0, 0, 1, ''),
(1251, 12, '2019-11-13', '11:00:00', '17:00:00', 'p', 0, 0, 1, ''),
(1252, 13, '2019-11-13', '10:20:00', '19:00:00', 'p', 0, 0, 1, ''),
(1253, 14, '2019-11-13', '16:20:00', '19:40:00', 'ml', 0, 0, 1, ''),
(1254, 16, '2019-11-13', '10:00:00', '19:00:00', 'p', 0, 0, 1, ''),
(1255, 17, '2019-11-13', '10:30:00', '19:20:00', 'p', 0, 0, 1, ''),
(1256, 19, '2019-11-13', '11:00:00', '19:50:00', 'p', 0, 0, 1, ''),
(1257, 20, '2019-11-13', '09:50:00', '19:00:00', 'p', 0, 0, 1, ''),
(1258, 24, '2019-11-13', '15:00:00', '19:30:00', 'p', 0, 0, 1, ''),
(1259, 25, '2019-11-13', '11:30:00', '19:00:00', 'l', 0, 0, 1, ''),
(1260, 29, '2019-11-13', '15:00:00', '19:30:00', 'p', 0, 0, 1, ''),
(1261, 30, '2019-11-13', NULL, NULL, 'a', 0, 0, 1, ''),
(1262, 31, '2019-11-13', '10:30:00', '19:00:00', 'p', 0, 0, 1, ''),
(1263, 33, '2019-11-13', NULL, NULL, 'a', 0, 0, 1, ''),
(1264, 11, '2019-11-13', '14:30:00', '19:00:00', 'p', 0, 0, 1, '  '),
(1265, 1, '2019-11-14', '11:30:00', '20:02:00', 'l', 0, 0, 1, ''),
(1266, 2, '2019-11-14', '12:00:00', '19:40:00', 'l', 0, 0, 1, ''),
(1267, 4, '2019-11-14', '12:07:00', '19:50:00', 'l', 0, 0, 1, ''),
(1268, 8, '2019-11-14', '11:30:00', '19:50:00', 'l', 0, 0, 1, ''),
(1269, 12, '2019-11-14', '23:40:00', '19:40:00', 'l', 0, 0, 1, ''),
(1270, 13, '2019-11-14', '10:00:00', '19:50:00', 'p', 0, 0, 1, ''),
(1271, 14, '2019-11-14', '11:30:00', '19:40:00', 'l', 0, 0, 1, ''),
(1272, 16, '2019-11-14', '10:00:00', '19:00:00', 'p', 0, 0, 1, ''),
(1273, 17, '2019-11-14', '11:00:00', '19:52:00', 'p', 0, 0, 1, ''),
(1274, 19, '2019-11-14', '11:30:00', '19:50:00', 'p', 0, 0, 1, ''),
(1275, 20, '2019-11-14', '10:02:00', '18:50:00', 'p', 0, 0, 1, ''),
(1276, 24, '2019-11-14', NULL, NULL, 'sl', 0, 0, 1, ''),
(1277, 25, '2019-11-14', NULL, NULL, 'a', 0, 0, 1, ''),
(1278, 29, '2019-11-14', NULL, NULL, 'a', 0, 0, 1, ''),
(1279, 30, '2019-11-14', '15:00:00', '20:00:00', 'p', 0, 0, 1, ''),
(1280, 31, '2019-11-14', '10:31:00', '19:40:00', 'p', 0, 0, 1, ''),
(1281, 33, '2019-11-14', NULL, NULL, 'a', 0, 0, 1, ''),
(1282, 22, '2019-11-14', '15:00:00', '19:20:00', 'p', 0, 0, 1, '  '),
(1283, 1, '2019-11-17', '11:34:00', '20:00:00', 'l', 0, 0, 1, ''),
(1284, 2, '2019-11-17', '11:10:00', '18:54:00', 'p', 0, 0, 1, ''),
(1285, 4, '2019-11-17', '11:34:00', '19:50:00', 'l', 0, 0, 1, ''),
(1286, 8, '2019-11-17', '11:34:00', '19:30:00', 'l', 0, 0, 1, ''),
(1287, 12, '2019-11-17', '12:00:00', '20:00:00', 'l', 0, 0, 1, ''),
(1288, 13, '2019-11-17', '10:20:00', '19:50:00', 'p', 0, 0, 1, ''),
(1289, 14, '2019-11-17', '11:00:00', '19:50:00', 'p', 0, 0, 1, ''),
(1290, 16, '2019-11-17', '10:00:00', '19:00:00', 'hd', 0, 0, 1, ''),
(1291, 17, '2019-11-17', '11:40:00', '19:40:00', 'l', 0, 0, 1, ''),
(1292, 19, '2019-11-17', '11:34:00', '20:00:00', 'p', 0, 0, 1, ''),
(1293, 20, '2019-11-17', '09:50:00', '19:00:00', 'p', 0, 0, 1, ''),
(1294, 24, '2019-11-17', '14:30:00', '19:30:00', 'p', 0, 0, 1, ''),
(1295, 25, '2019-11-17', '12:21:00', '19:40:00', 'l', 0, 0, 1, ''),
(1296, 29, '2019-11-17', '15:00:00', '18:50:00', 'p', 0, 0, 1, ''),
(1297, 30, '2019-11-17', '15:00:00', '18:30:00', 'p', 0, 0, 1, ''),
(1298, 31, '2019-11-17', '10:30:00', '19:20:00', 'p', 0, 0, 1, ''),
(1299, 33, '2019-11-17', NULL, NULL, 'a', 0, 0, 1, ''),
(1300, 1, '2019-11-18', '11:40:00', '20:00:00', 'l', 0, 0, 1, ''),
(1301, 2, '2019-11-18', '11:45:00', '19:20:00', 'l', 0, 0, 1, ''),
(1302, 4, '2019-11-18', '13:30:00', '20:00:00', 'l', 0, 0, 1, ''),
(1303, 8, '2019-11-18', '11:40:00', '19:40:00', 'l', 0, 0, 1, ''),
(1304, 12, '2019-11-18', '11:00:00', '19:50:00', 'p', 0, 0, 1, ''),
(1305, 13, '2019-11-18', '22:02:00', '19:50:00', 'p', 0, 0, 1, ''),
(1306, 14, '2019-11-18', '11:15:00', '19:50:00', 'p', 0, 0, 1, ''),
(1307, 16, '2019-11-18', '10:01:00', '19:50:00', 'p', 0, 0, 1, ''),
(1308, 17, '2019-11-18', '11:30:00', '19:50:00', 'l', 0, 0, 1, ''),
(1309, 19, '2019-11-18', '11:40:00', '19:50:00', 'p', 0, 0, 1, ''),
(1310, 20, '2019-11-18', '10:00:00', '19:00:00', 'p', 0, 0, 1, ''),
(1311, 24, '2019-11-18', '15:00:00', '20:00:00', 'p', 0, 0, 1, ''),
(1312, 25, '2019-11-18', '11:50:00', '19:40:00', 'l', 0, 0, 1, ''),
(1313, 29, '2019-11-18', NULL, NULL, 'p', 0, 0, 1, ''),
(1314, 30, '2019-11-18', '15:00:00', '19:40:00', 'p', 0, 0, 1, ''),
(1315, 31, '2019-11-18', '10:00:00', '19:00:00', 'p', 0, 0, 1, ''),
(1316, 33, '2019-11-18', NULL, NULL, 'a', 0, 0, 1, ''),
(1317, 1, '2019-11-19', '13:50:00', '20:07:00', 'l', 0, 0, 1, ''),
(1318, 2, '2019-11-19', '12:00:00', '19:20:00', 'l', 0, 0, 1, ''),
(1319, 4, '2019-11-19', '13:52:00', '19:50:00', 'l', 0, 0, 1, ''),
(1320, 8, '2019-11-19', '11:30:00', '19:30:00', 'l', 0, 0, 1, ''),
(1321, 12, '2019-11-19', '10:00:00', '20:00:00', 'p', 0, 0, 1, ''),
(1322, 13, '2019-11-19', '06:00:00', '19:00:00', 'p', 0, 0, 1, ''),
(1323, 14, '2019-11-19', '06:00:00', '07:00:00', 'p', 0, 0, 1, ''),
(1324, 16, '2019-11-19', '10:00:00', '20:00:00', 'p', 0, 0, 1, ''),
(1325, 17, '2019-11-19', '11:02:00', '19:50:00', 'p', 0, 0, 1, ''),
(1326, 19, '2019-11-19', '11:00:00', '19:50:00', 'p', 0, 0, 1, ''),
(1327, 20, '2019-11-19', '10:00:00', '19:00:00', 'p', 0, 0, 1, ''),
(1328, 24, '2019-11-19', NULL, NULL, 'a', 0, 0, 1, ''),
(1329, 25, '2019-11-19', '06:00:00', '19:00:00', 'p', 0, 0, 1, ''),
(1330, 29, '2019-11-19', '01:20:00', '19:00:00', 'p', 0, 0, 1, ''),
(1331, 30, '2019-11-19', '13:20:00', '19:00:00', 'p', 0, 0, 1, ''),
(1332, 31, '2019-11-19', '11:00:00', '19:00:00', 'p', 0, 0, 1, ''),
(1333, 33, '2019-11-19', '12:30:00', '19:00:00', 'l', 0, 0, 1, ''),
(1334, 1, '2019-11-20', '23:20:00', '20:07:00', 'l', 0, 0, 1, ''),
(1335, 2, '2019-11-20', '23:35:00', '19:20:00', 'l', 0, 0, 1, ''),
(1336, 4, '2019-11-20', '23:50:00', '19:50:00', 'l', 0, 0, 1, ''),
(1337, 8, '2019-11-20', '11:20:00', '19:30:00', 'l', 0, 0, 1, ''),
(1338, 12, '2019-11-20', '11:00:00', '20:00:00', 'p', 0, 0, 1, ''),
(1339, 13, '2019-11-20', '06:00:00', '19:00:00', 'p', 0, 0, 1, ''),
(1340, 14, '2019-11-20', '06:00:00', '07:00:00', 'p', 0, 0, 1, ''),
(1341, 16, '2019-11-20', '10:00:00', '20:00:00', 'p', 0, 0, 1, ''),
(1342, 17, '2019-11-20', '12:30:00', '19:50:00', 'l', 0, 0, 1, ''),
(1343, 19, '2019-11-20', '11:00:00', '19:50:00', 'p', 0, 0, 1, ''),
(1344, 20, '2019-11-20', '10:00:00', '19:00:00', 'p', 0, 0, 1, ''),
(1345, 24, '2019-11-20', '14:55:00', '20:00:00', 'p', 0, 0, 1, ''),
(1346, 25, '2019-11-20', '06:00:00', '19:00:00', 'p', 0, 0, 1, ''),
(1347, 29, '2019-11-20', '02:20:00', '19:00:00', 'p', 0, 0, 1, ''),
(1348, 30, '2019-11-20', '14:20:00', '19:00:00', 'p', 0, 0, 1, ''),
(1349, 31, '2019-11-20', '10:50:00', '19:00:00', 'p', 0, 0, 1, ''),
(1350, 33, '2019-11-20', NULL, NULL, 'a', 0, 0, 1, ''),
(1351, 1, '2019-11-21', '22:20:00', '20:07:00', 'p', 0, 0, 1, ''),
(1352, 2, '2019-11-21', '12:10:00', '19:20:00', 'l', 0, 0, 1, ''),
(1353, 4, '2019-11-21', '23:50:00', '19:50:00', 'l', 0, 0, 1, ''),
(1354, 8, '2019-11-21', '10:20:00', '19:30:00', 'p', 0, 0, 1, ''),
(1355, 12, '2019-11-21', '10:00:00', '20:00:00', 'p', 0, 0, 1, ''),
(1356, 13, '2019-11-21', '06:00:00', '19:00:00', 'p', 0, 0, 1, ''),
(1357, 14, '2019-11-21', '06:00:00', '07:00:00', 'p', 0, 0, 1, ''),
(1358, 16, '2019-11-21', '10:00:00', '20:00:00', 'p', 0, 0, 1, ''),
(1359, 17, '2019-11-21', '23:02:00', '19:50:00', 'p', 0, 0, 1, ''),
(1360, 19, '2019-11-21', '11:00:00', '19:50:00', 'p', 0, 0, 1, ''),
(1361, 20, '2019-11-21', '10:00:00', '19:00:00', 'p', 0, 0, 1, ''),
(1362, 24, '2019-11-21', '22:55:00', '18:00:00', 'p', 0, 0, 1, ''),
(1363, 25, '2019-11-21', '06:00:00', '19:00:00', 'p', 0, 0, 1, ''),
(1364, 29, '2019-11-21', NULL, NULL, 'a', 0, 0, 1, ''),
(1365, 30, '2019-11-21', NULL, NULL, 'a', 0, 0, 1, ''),
(1366, 31, '2019-11-21', '10:50:00', '19:00:00', 'p', 0, 0, 1, ''),
(1367, 33, '2019-11-21', NULL, NULL, 'a', 0, 0, 1, ''),
(1368, 1, '2019-11-24', '23:30:00', '20:07:00', 'l', 0, 0, 1, ''),
(1369, 2, '2019-11-24', '12:18:00', '19:20:00', 'l', 0, 0, 1, ''),
(1370, 4, '2019-11-24', '22:50:00', '19:50:00', 'p', 0, 0, 1, ''),
(1371, 8, '2019-11-24', '11:30:00', '19:30:00', 'l', 0, 0, 1, ''),
(1372, 12, '2019-11-24', '12:20:00', '20:00:00', 'l', 0, 0, 1, ''),
(1373, 13, '2019-11-24', '06:00:00', '19:00:00', 'p', 0, 0, 1, ''),
(1374, 14, '2019-11-24', '06:00:00', '07:00:00', 'p', 0, 0, 1, ''),
(1375, 16, '2019-11-24', '10:00:00', '20:00:00', 'p', 0, 0, 1, ''),
(1376, 17, '2019-11-24', NULL, NULL, 'a', 0, 0, 1, ''),
(1377, 19, '2019-11-24', '11:00:00', '19:50:00', 'p', 0, 0, 1, ''),
(1378, 20, '2019-11-24', '10:00:00', '19:00:00', 'p', 0, 0, 1, ''),
(1379, 24, '2019-11-24', '15:00:00', '19:50:00', 'p', 0, 0, 1, ''),
(1380, 25, '2019-11-24', NULL, NULL, 'a', 0, 0, 1, ''),
(1381, 29, '2019-11-24', NULL, NULL, 'a', 0, 0, 1, ''),
(1382, 30, '2019-11-24', NULL, NULL, 'a', 0, 0, 1, ''),
(1383, 31, '2019-11-24', '10:50:00', '19:00:00', 'p', 0, 0, 1, ''),
(1384, 33, '2019-11-24', '11:50:00', '07:50:00', 'p', 0, 0, 1, ''),
(1385, 1, '2019-11-25', '11:11:00', '20:00:00', 'p', 0, 0, 1, ''),
(1386, 2, '2019-11-25', NULL, NULL, 'cl', 0, 0, 1, ''),
(1387, 4, '2019-11-25', '12:00:00', '19:50:00', 'l', 0, 0, 1, ''),
(1388, 8, '2019-11-25', '11:10:00', '19:50:00', 'p', 0, 0, 1, ''),
(1389, 12, '2019-11-25', '11:50:00', '19:50:00', 'l', 0, 0, 1, ''),
(1390, 13, '2019-11-25', '10:20:00', '19:50:00', 'hd', 0, 0, 1, ''),
(1391, 14, '2019-11-25', '11:23:00', '07:40:00', 'l', 0, 0, 1, ''),
(1392, 16, '2019-11-25', '10:00:00', '19:00:00', 'p', 0, 0, 1, ''),
(1393, 17, '2019-11-25', NULL, NULL, 'a', 0, 0, 1, ''),
(1394, 19, '2019-11-25', '10:00:00', '19:00:00', 'p', 0, 0, 1, ''),
(1395, 20, '2019-11-25', '10:01:00', '19:50:00', 'p', 0, 0, 1, ''),
(1396, 24, '2019-11-25', '14:30:00', '20:00:00', 'hd', 0, 0, 1, ''),
(1397, 25, '2019-11-25', '11:50:00', '19:50:00', 'l', 0, 0, 1, ''),
(1398, 29, '2019-11-25', NULL, NULL, 'a', 0, 0, 1, ''),
(1399, 30, '2019-11-25', NULL, NULL, 'a', 0, 0, 1, ''),
(1400, 31, '2019-11-25', '10:30:00', '19:00:00', 'hd', 0, 0, 1, ''),
(1401, 33, '2019-11-25', '11:50:00', '19:40:00', 'l', 0, 0, 1, ''),
(1402, 1, '2019-11-26', '10:50:00', '20:00:00', 'p', 0, 0, 1, ''),
(1403, 2, '2019-11-26', '12:14:00', '19:00:00', 'l', 0, 0, 1, ''),
(1404, 4, '2019-11-26', '11:44:00', '20:00:00', 'l', 0, 0, 1, ''),
(1405, 8, '2019-11-26', '10:50:00', '19:50:00', 'p', 0, 0, 1, ''),
(1406, 12, '2019-11-26', NULL, NULL, 'a', 0, 0, 1, ''),
(1407, 13, '2019-11-26', '10:20:00', '19:50:00', 'p', 0, 0, 1, ''),
(1408, 14, '2019-11-26', '08:35:00', '19:00:00', 'p', 0, 0, 1, ''),
(1409, 16, '2019-11-26', '10:00:00', '19:50:00', 'p', 0, 0, 1, ''),
(1410, 17, '2019-11-26', NULL, NULL, 'a', 0, 0, 1, ''),
(1411, 19, '2019-11-26', '10:49:00', '20:00:00', 'p', 0, 0, 1, ''),
(1412, 20, '2019-11-26', '09:30:00', '18:00:00', 'p', 0, 0, 1, ''),
(1413, 24, '2019-11-26', '15:00:00', '20:00:00', 'p', 0, 0, 1, ''),
(1414, 25, '2019-11-26', '08:35:00', '19:00:00', 'p', 0, 0, 1, ''),
(1415, 29, '2019-11-26', NULL, NULL, 'a', 0, 0, 1, ''),
(1416, 30, '2019-11-26', NULL, NULL, 'a', 0, 0, 1, ''),
(1417, 31, '2019-11-26', '10:30:00', '19:00:00', 'p', 0, 0, 1, ''),
(1418, 33, '2019-11-26', '11:20:00', '19:00:00', 'l', 0, 0, 1, ''),
(1419, 1, '2019-11-27', '10:20:00', '20:00:00', 'p', 0, 0, 1, ''),
(1420, 2, '2019-11-27', '23:40:00', '19:00:00', 'l', 0, 0, 1, ''),
(1421, 4, '2019-11-27', NULL, NULL, 'a', 0, 0, 1, ''),
(1422, 8, '2019-11-27', '10:20:00', '19:50:00', 'p', 0, 0, 1, ''),
(1423, 12, '2019-11-27', '15:00:00', '20:00:00', 'hd', 0, 0, 1, ''),
(1424, 13, '2019-11-27', '10:20:00', '19:50:00', 'p', 0, 0, 1, ''),
(1425, 14, '2019-11-27', '11:30:00', '19:00:00', 'l', 0, 0, 1, ''),
(1426, 16, '2019-11-27', '10:00:00', '19:50:00', 'p', 0, 0, 1, ''),
(1427, 17, '2019-11-27', NULL, NULL, 'a', 0, 0, 1, ''),
(1428, 19, '2019-11-27', '10:49:00', '20:00:00', 'p', 0, 0, 1, ''),
(1429, 20, '2019-11-27', '09:30:00', '18:00:00', 'p', 0, 0, 1, ''),
(1430, 24, '2019-11-27', '15:00:00', '20:00:00', 'p', 0, 0, 1, ''),
(1431, 25, '2019-11-27', '00:38:00', '19:50:00', 'l', 0, 0, 1, ''),
(1432, 29, '2019-11-27', NULL, NULL, 'a', 0, 0, 1, ''),
(1433, 30, '2019-11-27', NULL, NULL, 'a', 0, 0, 1, ''),
(1434, 31, '2019-11-27', '10:30:00', '19:00:00', 'p', 0, 0, 1, ''),
(1435, 33, '2019-11-27', '11:20:00', '19:00:00', 'l', 0, 0, 1, ''),
(1436, 1, '2019-11-28', '09:40:00', '20:00:00', 'p', 0, 0, 1, ''),
(1437, 2, '2019-11-28', '11:51:00', '19:00:00', 'l', 0, 0, 1, ''),
(1438, 4, '2019-11-28', NULL, NULL, 'sl', 0, 0, 1, ''),
(1439, 8, '2019-11-28', '10:20:00', '19:50:00', 'p', 0, 0, 1, ''),
(1440, 12, '2019-11-28', '12:28:00', '20:00:00', 'l', 0, 0, 1, ''),
(1441, 13, '2019-11-28', '10:20:00', '19:50:00', 'p', 0, 0, 1, ''),
(1442, 14, '2019-11-28', '11:00:00', '19:50:00', 'l', 0, 0, 1, ''),
(1443, 16, '2019-11-28', '10:00:00', '19:50:00', 'p', 0, 0, 1, ''),
(1444, 17, '2019-11-28', NULL, NULL, 'a', 0, 0, 1, ''),
(1445, 19, '2019-11-28', '10:49:00', '20:00:00', 'p', 0, 0, 1, ''),
(1446, 20, '2019-11-28', '09:30:00', '18:00:00', 'p', 0, 0, 1, ''),
(1447, 24, '2019-11-28', '15:05:00', '20:00:00', 'p', 0, 0, 1, ''),
(1448, 25, '2019-11-28', '11:58:00', '19:50:00', 'l', 0, 0, 1, ''),
(1449, 29, '2019-11-28', NULL, NULL, 'a', 0, 0, 1, ''),
(1450, 30, '2019-11-28', NULL, NULL, 'a', 0, 0, 1, ''),
(1451, 31, '2019-11-28', '10:30:00', '19:00:00', 'p', 0, 0, 1, ''),
(1452, 33, '2019-11-28', '11:54:00', '19:20:00', 'l', 0, 0, 1, ''),
(1453, 1, '2019-11-30', '11:00:00', '19:00:00', 'hd', 0, 0, 1, '  '),
(1454, 2, '2019-11-30', '13:00:00', '19:30:00', 'hd', 0, 0, 1, '  '),
(1455, 14, '2019-11-30', '13:00:00', '19:30:00', 'hd', 0, 0, 1, '  '),
(1456, 12, '2019-11-30', '13:00:00', '19:30:00', 'hd', 0, 0, 1, '  '),
(1457, 25, '2019-11-30', '13:00:00', '19:30:00', 'hd', 0, 0, 1, '  '),
(1458, 8, '2019-11-30', '23:00:00', '19:30:00', 'hd', 0, 0, 1, '  '),
(1459, 14, '2019-11-29', '14:02:00', '19:00:00', 'hd', 0, 0, 1, '  '),
(1460, 12, '2019-11-29', '14:02:00', '19:00:00', 'hd', 0, 0, 1, '  '),
(1461, 25, '2019-11-29', '14:02:00', '19:00:00', 'hd', 0, 0, 1, '  '),
(1462, 1, '2019-11-29', '11:11:00', '19:00:00', 'hd', 0, 0, 1, '  '),
(1463, 1, '2019-12-02', '11:06:00', '20:00:00', 'p', 0, 0, 1, ''),
(1464, 2, '2019-12-02', '11:14:00', '19:00:00', 'p', 0, 0, 1, ''),
(1465, 4, '2019-12-02', '12:06:00', '20:00:00', 'l', 0, 0, 1, ''),
(1466, 8, '2019-12-02', '11:06:00', '19:50:00', 'hd', 0, 0, 1, ''),
(1467, 12, '2019-12-02', '11:11:00', '20:00:00', 'p', 0, 0, 1, ''),
(1468, 13, '2019-12-02', '10:30:00', '19:50:00', 'p', 0, 0, 1, ''),
(1469, 14, '2019-12-02', '12:00:00', '20:00:00', 'l', 0, 0, 1, ''),
(1470, 16, '2019-12-02', '10:00:00', '20:00:00', 'p', 0, 0, 1, ''),
(1471, 17, '2019-12-02', NULL, NULL, 'a', 0, 0, 1, ''),
(1472, 19, '2019-12-02', '11:06:00', '20:00:00', 'hd', 0, 0, 1, ''),
(1473, 20, '2019-12-02', '10:00:00', '18:30:00', 'p', 0, 0, 1, ''),
(1474, 24, '2019-12-02', NULL, NULL, 'a', 0, 0, 1, ''),
(1475, 25, '2019-12-02', '16:00:00', '22:00:00', 'hd', 0, 0, 1, ''),
(1476, 31, '2019-12-02', '10:30:00', '19:00:00', 'p', 0, 0, 1, ''),
(1477, 33, '2019-12-02', '12:05:00', '19:30:00', 'l', 0, 0, 1, ''),
(1478, 34, '2019-12-02', '11:00:00', '19:10:00', 'p', 0, 0, 1, ''),
(1479, 1, '2019-12-01', '10:54:00', '20:00:00', 'p', 0, 0, 1, ''),
(1480, 2, '2019-12-01', '12:14:00', '20:00:00', 'l', 0, 0, 1, ''),
(1481, 4, '2019-12-01', '00:06:00', '20:00:00', 'l', 0, 0, 1, ''),
(1482, 8, '2019-12-01', '11:30:00', '19:30:00', 'l', 0, 0, 1, ''),
(1483, 12, '2019-12-01', '11:43:00', '19:20:00', 'l', 0, 0, 1, ''),
(1484, 13, '2019-12-01', '10:20:00', '20:02:00', 'p', 0, 0, 1, ''),
(1485, 14, '2019-12-01', '11:19:00', '19:20:00', 'l', 0, 0, 1, ''),
(1486, 16, '2019-12-01', '10:00:00', '19:01:00', 'p', 0, 0, 1, ''),
(1487, 17, '2019-12-01', NULL, NULL, 'a', 0, 0, 1, ''),
(1488, 19, '2019-12-01', '11:06:00', '19:40:00', 'p', 0, 0, 1, ''),
(1489, 20, '2019-12-01', '09:40:00', '18:30:00', 'p', 0, 0, 1, ''),
(1490, 24, '2019-12-01', '14:27:00', '19:50:00', 'p', 0, 0, 1, ''),
(1491, 25, '2019-12-01', '12:18:00', '19:00:00', 'l', 0, 0, 1, ''),
(1492, 31, '2019-12-01', '10:30:00', '19:00:00', 'p', 0, 0, 1, ''),
(1493, 33, '2019-12-01', '11:39:00', '08:00:00', 'l', 0, 0, 1, ''),
(1494, 34, '2019-12-01', '11:13:00', '19:00:00', 'p', 0, 0, 1, ''),
(1495, 1, '2019-12-03', '11:31:00', '20:00:00', 'l', 0, 0, 1, ''),
(1496, 2, '2019-12-03', '12:21:00', '19:30:00', 'l', 0, 0, 1, ''),
(1497, 4, '2019-12-03', '12:00:00', '19:50:00', 'l', 0, 0, 1, ''),
(1498, 8, '2019-12-03', '11:00:00', '19:00:00', 'p', 0, 0, 1, ''),
(1499, 12, '2019-12-03', '14:50:00', '20:00:00', 'l', 0, 0, 1, ''),
(1500, 13, '2019-12-03', '10:30:00', '19:20:00', 'p', 0, 0, 1, ''),
(1501, 14, '2019-12-03', '10:40:00', '19:30:00', 'p', 0, 0, 1, ''),
(1502, 16, '2019-12-03', '10:00:00', '19:00:00', 'p', 0, 0, 1, ''),
(1503, 17, '2019-12-03', NULL, NULL, 'a', 0, 0, 1, ''),
(1504, 19, '2019-12-03', '10:00:00', '19:20:00', 'p', 0, 0, 1, ''),
(1505, 20, '2019-12-03', '09:50:00', '18:50:00', 'p', 0, 0, 1, ''),
(1506, 24, '2019-12-03', '11:11:00', '16:00:00', 'p', 0, 0, 1, ''),
(1507, 25, '2019-12-03', '12:41:00', '19:30:00', 'l', 0, 0, 1, ''),
(1508, 31, '2019-12-03', '10:30:00', '19:00:00', 'p', 0, 0, 1, ''),
(1509, 33, '2019-12-03', '13:40:00', '19:30:00', 'l', 0, 0, 1, ''),
(1510, 34, '2019-12-03', '11:00:00', '19:00:00', 'p', 0, 0, 1, ''),
(1511, 1, '2019-12-04', '11:10:00', '20:00:00', 'p', 0, 0, 1, ''),
(1512, 2, '2019-12-04', '12:11:00', '19:40:00', 'l', 0, 0, 1, ''),
(1513, 4, '2019-12-04', '15:05:00', '20:00:00', 'hd', 0, 0, 1, ''),
(1514, 8, '2019-12-04', '10:30:00', '19:00:00', 'p', 0, 0, 1, ''),
(1515, 12, '2019-12-04', '11:40:00', '19:50:00', 'l', 0, 0, 1, ''),
(1516, 13, '2019-12-04', '10:30:00', '19:30:00', 'p', 0, 0, 1, ''),
(1517, 14, '2019-12-04', '10:37:00', '19:40:00', 'p', 0, 0, 1, ''),
(1518, 16, '2019-12-04', '10:00:00', '19:00:00', 'p', 0, 0, 1, ''),
(1519, 17, '2019-12-04', NULL, NULL, 'a', 0, 0, 1, ''),
(1520, 19, '2019-12-04', '11:00:00', '19:00:00', 'p', 0, 0, 1, ''),
(1521, 20, '2019-12-04', '09:50:00', '18:30:00', 'p', 0, 0, 1, ''),
(1522, 24, '2019-12-04', '11:00:00', '17:04:00', 'p', 0, 0, 1, ''),
(1523, 25, '2019-12-04', '13:05:00', '19:30:00', 'l', 0, 0, 1, ''),
(1524, 31, '2019-12-04', '10:00:00', '19:00:00', 'p', 0, 0, 1, ''),
(1525, 33, '2019-12-04', '12:30:00', '19:00:00', 'l', 0, 0, 1, ''),
(1526, 34, '2019-12-04', '11:00:00', '19:00:00', 'p', 0, 0, 1, ''),
(1527, 1, '2019-12-05', '11:13:00', '21:00:00', 'p', 0, 0, 0, ''),
(1528, 2, '2019-12-05', '11:55:00', '20:00:00', 'l', 0, 0, 0, ''),
(1529, 4, '2019-12-05', '11:50:00', '20:00:00', 'l', 0, 0, 0, ''),
(1530, 8, '2019-12-05', '11:53:00', '19:00:00', 'l', 0, 0, 0, ''),
(1531, 12, '2019-12-05', '11:26:00', '20:00:00', 'l', 0, 0, 0, ''),
(1532, 13, '2019-12-05', '10:30:00', '20:00:00', 'p', 0, 0, 0, ''),
(1533, 14, '2019-12-05', '10:58:00', '20:00:00', 'p', 0, 0, 0, ''),
(1534, 16, '2019-12-05', '10:00:00', '07:00:00', 'p', 0, 0, 0, ''),
(1535, 17, '2019-12-05', NULL, NULL, 'a', 0, 0, 0, ''),
(1536, 19, '2019-12-05', '11:53:00', '19:00:00', 'p', 0, 0, 0, ''),
(1537, 20, '2019-12-05', '09:01:00', '18:00:00', 'p', 0, 0, 0, ''),
(1538, 24, '2019-12-05', '15:30:00', '19:50:00', 'p', 0, 0, 0, ''),
(1539, 25, '2019-12-05', '13:04:00', '20:00:00', 'l', 0, 0, 0, ''),
(1540, 31, '2019-12-05', '10:20:00', '19:00:00', 'p', 0, 0, 0, ''),
(1541, 33, '2019-12-05', '11:27:00', '19:20:00', 'l', 0, 0, 0, ''),
(1542, 34, '2019-12-05', '11:10:00', '19:05:00', 'p', 0, 0, 0, '');

--
-- Indexes for dumped tables
--

--
-- Indexes for table `clients`
--
ALTER TABLE `clients`
  ADD PRIMARY KEY (`id`);

--
-- Indexes for table `company`
--
ALTER TABLE `company`
  ADD PRIMARY KEY (`comp_id`);

--
-- Indexes for table `days`
--
ALTER TABLE `days`
  ADD PRIMARY KEY (`d`);

--
-- Indexes for table `department`
--
ALTER TABLE `department`
  ADD PRIMARY KEY (`dep_id`),
  ADD KEY `company_id_into_department_table` (`comp_id`);

--
-- Indexes for table `designation`
--
ALTER TABLE `designation`
  ADD PRIMARY KEY (`des_id`),
  ADD KEY `fk_dep_id` (`dep_id`);

--
-- Indexes for table `employee`
--
ALTER TABLE `employee`
  ADD PRIMARY KEY (`emp_id`);

--
-- Indexes for table `emp_attendance`
--
ALTER TABLE `emp_attendance`
  ADD PRIMARY KEY (`id`);

--
-- Indexes for table `emp_job_role`
--
ALTER TABLE `emp_job_role`
  ADD PRIMARY KEY (`id`);

--
-- Indexes for table `meeting_attendance`
--
ALTER TABLE `meeting_attendance`
  ADD PRIMARY KEY (`id`);

--
-- Indexes for table `monthly_summary`
--
ALTER TABLE `monthly_summary`
  ADD PRIMARY KEY (`id`);

--
-- Indexes for table `password_reset`
--
ALTER TABLE `password_reset`
  ADD PRIMARY KEY (`id`);

--
-- Indexes for table `projects`
--
ALTER TABLE `projects`
  ADD PRIMARY KEY (`id`);

--
-- Indexes for table `project_categories`
--
ALTER TABLE `project_categories`
  ADD PRIMARY KEY (`id`);

--
-- Indexes for table `project_status`
--
ALTER TABLE `project_status`
  ADD PRIMARY KEY (`id`);

--
-- Indexes for table `project_status_updated_history`
--
ALTER TABLE `project_status_updated_history`
  ADD PRIMARY KEY (`id`);

--
-- Indexes for table `tasks`
--
ALTER TABLE `tasks`
  ADD PRIMARY KEY (`id`);

--
-- Indexes for table `task_categories`
--
ALTER TABLE `task_categories`
  ADD PRIMARY KEY (`id`);

--
-- Indexes for table `task_status`
--
ALTER TABLE `task_status`
  ADD PRIMARY KEY (`id`);

--
-- Indexes for table `task_status_updated_history`
--
ALTER TABLE `task_status_updated_history`
  ADD PRIMARY KEY (`id`);

--
-- Indexes for table `temp_emp_attendance`
--
ALTER TABLE `temp_emp_attendance`
  ADD PRIMARY KEY (`id`);

--
-- AUTO_INCREMENT for dumped tables
--

--
-- AUTO_INCREMENT for table `clients`
--
ALTER TABLE `clients`
  MODIFY `id` int(11) NOT NULL AUTO_INCREMENT, AUTO_INCREMENT=8;

--
-- AUTO_INCREMENT for table `company`
--
ALTER TABLE `company`
  MODIFY `comp_id` int(11) NOT NULL AUTO_INCREMENT, AUTO_INCREMENT=3;

--
-- AUTO_INCREMENT for table `department`
--
ALTER TABLE `department`
  MODIFY `dep_id` int(11) NOT NULL AUTO_INCREMENT, AUTO_INCREMENT=39;

--
-- AUTO_INCREMENT for table `designation`
--
ALTER TABLE `designation`
  MODIFY `des_id` int(11) NOT NULL AUTO_INCREMENT, AUTO_INCREMENT=29;

--
-- AUTO_INCREMENT for table `employee`
--
ALTER TABLE `employee`
  MODIFY `emp_id` int(40) NOT NULL AUTO_INCREMENT, AUTO_INCREMENT=36;

--
-- AUTO_INCREMENT for table `emp_attendance`
--
ALTER TABLE `emp_attendance`
  MODIFY `id` int(11) NOT NULL AUTO_INCREMENT, AUTO_INCREMENT=1531;

--
-- AUTO_INCREMENT for table `emp_job_role`
--
ALTER TABLE `emp_job_role`
  MODIFY `id` int(11) NOT NULL AUTO_INCREMENT, AUTO_INCREMENT=35;

--
-- AUTO_INCREMENT for table `meeting_attendance`
--
ALTER TABLE `meeting_attendance`
  MODIFY `id` int(11) NOT NULL AUTO_INCREMENT, AUTO_INCREMENT=93;

--
-- AUTO_INCREMENT for table `monthly_summary`
--
ALTER TABLE `monthly_summary`
  MODIFY `id` int(11) NOT NULL AUTO_INCREMENT, AUTO_INCREMENT=3;

--
-- AUTO_INCREMENT for table `password_reset`
--
ALTER TABLE `password_reset`
  MODIFY `id` int(11) NOT NULL AUTO_INCREMENT, AUTO_INCREMENT=11;

--
-- AUTO_INCREMENT for table `projects`
--
ALTER TABLE `projects`
  MODIFY `id` int(11) NOT NULL AUTO_INCREMENT, AUTO_INCREMENT=28;

--
-- AUTO_INCREMENT for table `project_categories`
--
ALTER TABLE `project_categories`
  MODIFY `id` int(11) NOT NULL AUTO_INCREMENT, AUTO_INCREMENT=22;

--
-- AUTO_INCREMENT for table `project_status`
--
ALTER TABLE `project_status`
  MODIFY `id` int(11) NOT NULL AUTO_INCREMENT, AUTO_INCREMENT=10;

--
-- AUTO_INCREMENT for table `project_status_updated_history`
--
ALTER TABLE `project_status_updated_history`
  MODIFY `id` int(11) NOT NULL AUTO_INCREMENT, AUTO_INCREMENT=34;

--
-- AUTO_INCREMENT for table `tasks`
--
ALTER TABLE `tasks`
  MODIFY `id` int(11) NOT NULL AUTO_INCREMENT, AUTO_INCREMENT=51;

--
-- AUTO_INCREMENT for table `task_categories`
--
ALTER TABLE `task_categories`
  MODIFY `id` int(11) NOT NULL AUTO_INCREMENT, AUTO_INCREMENT=29;

--
-- AUTO_INCREMENT for table `task_status`
--
ALTER TABLE `task_status`
  MODIFY `id` int(11) NOT NULL AUTO_INCREMENT, AUTO_INCREMENT=5;

--
-- AUTO_INCREMENT for table `task_status_updated_history`
--
ALTER TABLE `task_status_updated_history`
  MODIFY `id` int(11) NOT NULL AUTO_INCREMENT, AUTO_INCREMENT=6;

--
-- AUTO_INCREMENT for table `temp_emp_attendance`
--
ALTER TABLE `temp_emp_attendance`
  MODIFY `id` int(11) NOT NULL AUTO_INCREMENT, AUTO_INCREMENT=1543;

--
-- Constraints for dumped tables
--

--
-- Constraints for table `department`
--
ALTER TABLE `department`
  ADD CONSTRAINT `company_id_into_department_table` FOREIGN KEY (`comp_id`) REFERENCES `company` (`comp_id`);

--
-- Constraints for table `designation`
--
ALTER TABLE `designation`
  ADD CONSTRAINT `fk_dep_id` FOREIGN KEY (`dep_id`) REFERENCES `department` (`dep_id`) ON UPDATE CASCADE;
COMMIT;

/*!40101 SET CHARACTER_SET_CLIENT=@OLD_CHARACTER_SET_CLIENT */;
/*!40101 SET CHARACTER_SET_RESULTS=@OLD_CHARACTER_SET_RESULTS */;
/*!40101 SET COLLATION_CONNECTION=@OLD_COLLATION_CONNECTION */;
